Id,Title,Description,Category,CampName,VenueName,SubmitterName,LocationNote,Date,StartTime,DurationMinutes,IsRecurring,PriorityRank,Status,SubmittedAt,Host
8304f291-9276-41df-9b75-d405110533b0,Wandering Dr Crack ,"Find Dr. Crack, when he randomly spots in the playa, master of joints, pops, and mysterious therapeutic noises. If you spot him wearing his official white coat and correctly identify him, you'll be rewarded with a free Arthrophonic Show.",Spiritual / Healing,Belly Town,,,Somewhere on the playa,2026-07-07,00:00,60,Yes,1,Approved,2026-06-04 15:21:47,Dr. Crack
8304f291-9276-41df-9b75-d405110533b0,Wandering Dr Crack ,"Find Dr. Crack, when he randomly spots in the playa, master of joints, pops, and mysterious therapeutic noises. If you spot him wearing his official white coat and correctly identify him, you'll be rewarded with a free Arthrophonic Show.",Spiritual / Healing,Belly Town,,,Somewhere on the playa,2026-07-08,00:00,60,Yes,1,Approved,2026-06-04 15:21:47,Dr. Crack
8304f291-9276-41df-9b75-d405110533b0,Wandering Dr Crack ,"Find Dr. Crack, when he randomly spots in the playa, master of joints, pops, and mysterious therapeutic noises. If you spot him wearing his official white coat and correctly identify him, you'll be rewarded with a free Arthrophonic Show.",Spiritual / Healing,Belly Town,,,Somewhere on the playa,2026-07-09,00:00,60,Yes,1,Approved,2026-06-04 15:21:47,Dr. Crack
8304f291-9276-41df-9b75-d405110533b0,Wandering Dr Crack ,"Find Dr. Crack, when he randomly spots in the playa, master of joints, pops, and mysterious therapeutic noises. If you spot him wearing his official white coat and correctly identify him, you'll be rewarded with a free Arthrophonic Show.",Spiritual / Healing,Belly Town,,,Somewhere on the playa,2026-07-10,00:00,60,Yes,1,Approved,2026-06-04 15:21:47,Dr. Crack
d8a485d4-1728-4077-90c9-55b70ecfe300,The Magic Rabbit Hole,"Faaaaall dooooown the Magic Rabbit Hole !! 

Trust in the fall in the bottomless hole of wonders, enjoy the journey and it will lead you to a magical place. In this immersive dreamspace, you’re invited to leave a gift for a stranger… and discover a mysterious present left just for you.

Follow the White Rabbit to Camp Cambio.",Chillout,Camp Cambio,,,,2026-07-07,00:00,15,Yes,1,Approved,2026-06-08 00:15:34,
d8a485d4-1728-4077-90c9-55b70ecfe300,The Magic Rabbit Hole,"Faaaaall dooooown the Magic Rabbit Hole !! 

Trust in the fall in the bottomless hole of wonders, enjoy the journey and it will lead you to a magical place. In this immersive dreamspace, you’re invited to leave a gift for a stranger… and discover a mysterious present left just for you.

Follow the White Rabbit to Camp Cambio.",Chillout,Camp Cambio,,,,2026-07-08,00:00,15,Yes,1,Approved,2026-06-08 00:15:34,
d8a485d4-1728-4077-90c9-55b70ecfe300,The Magic Rabbit Hole,"Faaaaall dooooown the Magic Rabbit Hole !! 

Trust in the fall in the bottomless hole of wonders, enjoy the journey and it will lead you to a magical place. In this immersive dreamspace, you’re invited to leave a gift for a stranger… and discover a mysterious present left just for you.

Follow the White Rabbit to Camp Cambio.",Chillout,Camp Cambio,,,,2026-07-09,00:00,15,Yes,1,Approved,2026-06-08 00:15:34,
d8a485d4-1728-4077-90c9-55b70ecfe300,The Magic Rabbit Hole,"Faaaaall dooooown the Magic Rabbit Hole !! 

Trust in the fall in the bottomless hole of wonders, enjoy the journey and it will lead you to a magical place. In this immersive dreamspace, you’re invited to leave a gift for a stranger… and discover a mysterious present left just for you.

Follow the White Rabbit to Camp Cambio.",Chillout,Camp Cambio,,,,2026-07-10,00:00,15,Yes,1,Approved,2026-06-08 00:15:34,
d8a485d4-1728-4077-90c9-55b70ecfe300,The Magic Rabbit Hole,"Faaaaall dooooown the Magic Rabbit Hole !! 

Trust in the fall in the bottomless hole of wonders, enjoy the journey and it will lead you to a magical place. In this immersive dreamspace, you’re invited to leave a gift for a stranger… and discover a mysterious present left just for you.

Follow the White Rabbit to Camp Cambio.",Chillout,Camp Cambio,,,,2026-07-11,00:00,15,Yes,1,Approved,2026-06-08 00:15:34,
d8a485d4-1728-4077-90c9-55b70ecfe300,The Magic Rabbit Hole,"Faaaaall dooooown the Magic Rabbit Hole !! 

Trust in the fall in the bottomless hole of wonders, enjoy the journey and it will lead you to a magical place. In this immersive dreamspace, you’re invited to leave a gift for a stranger… and discover a mysterious present left just for you.

Follow the White Rabbit to Camp Cambio.",Chillout,Camp Cambio,,,,2026-07-12,00:00,15,Yes,1,Approved,2026-06-08 00:15:34,
021aa6de-2d2d-41d4-ab66-931b9e8fec92,Complaint Box,"Following our world-acclaimed 2025 Review of Complaints About Complaints, we've returned better than ever. Got a grievance, concern, or irrational vendetta? Drop it in our Complaints Box and let our expert team of legal professionals, interns, and one emotionally unavailable Labrador guide it through a rigorous process of acknowledgement, investigation, and probable neglect. Submit today and become part of an exceptionally well-organized problem.",Spiritual / Healing,,Somewhere on the Playa,Paprika,Look well enough and you will find it,2026-07-07,00:00,1440,Yes,0,Approved,2026-06-06 18:25:11,Shenanicamp
021aa6de-2d2d-41d4-ab66-931b9e8fec92,Complaint Box,"Following our world-acclaimed 2025 Review of Complaints About Complaints, we've returned better than ever. Got a grievance, concern, or irrational vendetta? Drop it in our Complaints Box and let our expert team of legal professionals, interns, and one emotionally unavailable Labrador guide it through a rigorous process of acknowledgement, investigation, and probable neglect. Submit today and become part of an exceptionally well-organized problem.",Spiritual / Healing,,Somewhere on the Playa,Paprika,Look well enough and you will find it,2026-07-08,00:00,1440,Yes,0,Approved,2026-06-06 18:25:11,Shenanicamp
021aa6de-2d2d-41d4-ab66-931b9e8fec92,Complaint Box,"Following our world-acclaimed 2025 Review of Complaints About Complaints, we've returned better than ever. Got a grievance, concern, or irrational vendetta? Drop it in our Complaints Box and let our expert team of legal professionals, interns, and one emotionally unavailable Labrador guide it through a rigorous process of acknowledgement, investigation, and probable neglect. Submit today and become part of an exceptionally well-organized problem.",Spiritual / Healing,,Somewhere on the Playa,Paprika,Look well enough and you will find it,2026-07-09,00:00,1440,Yes,0,Approved,2026-06-06 18:25:11,Shenanicamp
021aa6de-2d2d-41d4-ab66-931b9e8fec92,Complaint Box,"Following our world-acclaimed 2025 Review of Complaints About Complaints, we've returned better than ever. Got a grievance, concern, or irrational vendetta? Drop it in our Complaints Box and let our expert team of legal professionals, interns, and one emotionally unavailable Labrador guide it through a rigorous process of acknowledgement, investigation, and probable neglect. Submit today and become part of an exceptionally well-organized problem.",Spiritual / Healing,,Somewhere on the Playa,Paprika,Look well enough and you will find it,2026-07-10,00:00,1440,Yes,0,Approved,2026-06-06 18:25:11,Shenanicamp
021aa6de-2d2d-41d4-ab66-931b9e8fec92,Complaint Box,"Following our world-acclaimed 2025 Review of Complaints About Complaints, we've returned better than ever. Got a grievance, concern, or irrational vendetta? Drop it in our Complaints Box and let our expert team of legal professionals, interns, and one emotionally unavailable Labrador guide it through a rigorous process of acknowledgement, investigation, and probable neglect. Submit today and become part of an exceptionally well-organized problem.",Spiritual / Healing,,Somewhere on the Playa,Paprika,Look well enough and you will find it,2026-07-11,00:00,1440,Yes,0,Approved,2026-06-06 18:25:11,Shenanicamp
021aa6de-2d2d-41d4-ab66-931b9e8fec92,Complaint Box,"Following our world-acclaimed 2025 Review of Complaints About Complaints, we've returned better than ever. Got a grievance, concern, or irrational vendetta? Drop it in our Complaints Box and let our expert team of legal professionals, interns, and one emotionally unavailable Labrador guide it through a rigorous process of acknowledgement, investigation, and probable neglect. Submit today and become part of an exceptionally well-organized problem.",Spiritual / Healing,,Somewhere on the Playa,Paprika,Look well enough and you will find it,2026-07-12,00:00,1440,Yes,0,Approved,2026-06-06 18:25:11,Shenanicamp
371b084a-cc68-410c-b4eb-557d113f7bf4,A wish fairy lost in the playa ,"A Wish Faery has been spotted on the playa with her gigantic dandelion…she may appears randomly
Approach gently. State your wish. Try not to scare her away with excessive seriousness.
The faery will collect your wish with full love and magic…
No guarantees. That’s how faeries work. Side effects may include wonder…",Spiritual / Healing,Belly Town,,,La playa,2026-07-07,00:00,60,Yes,1,Approved,2026-06-07 08:19:51,Plume 
371b084a-cc68-410c-b4eb-557d113f7bf4,A wish fairy lost in the playa ,"A Wish Faery has been spotted on the playa with her gigantic dandelion…she may appears randomly
Approach gently. State your wish. Try not to scare her away with excessive seriousness.
The faery will collect your wish with full love and magic…
No guarantees. That’s how faeries work. Side effects may include wonder…",Spiritual / Healing,Belly Town,,,La playa,2026-07-08,00:00,60,Yes,1,Approved,2026-06-07 08:19:51,Plume 
371b084a-cc68-410c-b4eb-557d113f7bf4,A wish fairy lost in the playa ,"A Wish Faery has been spotted on the playa with her gigantic dandelion…she may appears randomly
Approach gently. State your wish. Try not to scare her away with excessive seriousness.
The faery will collect your wish with full love and magic…
No guarantees. That’s how faeries work. Side effects may include wonder…",Spiritual / Healing,Belly Town,,,La playa,2026-07-09,00:00,60,Yes,1,Approved,2026-06-07 08:19:51,Plume 
371b084a-cc68-410c-b4eb-557d113f7bf4,A wish fairy lost in the playa ,"A Wish Faery has been spotted on the playa with her gigantic dandelion…she may appears randomly
Approach gently. State your wish. Try not to scare her away with excessive seriousness.
The faery will collect your wish with full love and magic…
No guarantees. That’s how faeries work. Side effects may include wonder…",Spiritual / Healing,Belly Town,,,La playa,2026-07-10,00:00,60,Yes,1,Approved,2026-06-07 08:19:51,Plume 
88e49efa-931a-48c6-b5d6-d11c8c7ad556,Kinky Threads,"Think of it like a big kinky personals board. Grab a marker, write your name, where to find you, and the stuff you’re into: Impact! Feet! Solving puzzles! Pegging! Maybe you’ll find someone into it too. You can find each other, play, or make a new friend, the possibilities are limitless !",Adults,Glitch,,,Glitch,2026-07-08,08:00,480,Yes,2,Approved,2026-06-02 23:30:22,Code 1=”I’m”
88e49efa-931a-48c6-b5d6-d11c8c7ad556,Kinky Threads,"Think of it like a big kinky personals board. Grab a marker, write your name, where to find you, and the stuff you’re into: Impact! Feet! Solving puzzles! Pegging! Maybe you’ll find someone into it too. You can find each other, play, or make a new friend, the possibilities are limitless !",Adults,Glitch,,,Glitch,2026-07-09,08:00,480,Yes,2,Approved,2026-06-02 23:30:22,Code 1=”I’m”
88e49efa-931a-48c6-b5d6-d11c8c7ad556,Kinky Threads,"Think of it like a big kinky personals board. Grab a marker, write your name, where to find you, and the stuff you’re into: Impact! Feet! Solving puzzles! Pegging! Maybe you’ll find someone into it too. You can find each other, play, or make a new friend, the possibilities are limitless !",Adults,Glitch,,,Glitch,2026-07-10,08:00,480,Yes,2,Approved,2026-06-02 23:30:22,Code 1=”I’m”
88e49efa-931a-48c6-b5d6-d11c8c7ad556,Kinky Threads,"Think of it like a big kinky personals board. Grab a marker, write your name, where to find you, and the stuff you’re into: Impact! Feet! Solving puzzles! Pegging! Maybe you’ll find someone into it too. You can find each other, play, or make a new friend, the possibilities are limitless !",Adults,Glitch,,,Glitch,2026-07-11,08:00,480,Yes,2,Approved,2026-06-02 23:30:22,Code 1=”I’m”
88e49efa-931a-48c6-b5d6-d11c8c7ad556,Kinky Threads,"Think of it like a big kinky personals board. Grab a marker, write your name, where to find you, and the stuff you’re into: Impact! Feet! Solving puzzles! Pegging! Maybe you’ll find someone into it too. You can find each other, play, or make a new friend, the possibilities are limitless !",Adults,Glitch,,,Glitch,2026-07-12,08:00,480,Yes,2,Approved,2026-06-02 23:30:22,Code 1=”I’m”
473d7894-271d-4af7-a66a-a8d00aee4d6b,Morning Movement for the Dusty and Crusty,"Let's kick off the week with good intentions. Seize the day with a semi-early start, limber up with a little yoga, followed by some fun and silly physical challenges. Can you lick your elbow?.... did you just try?",Workshop,Yes!,,,Mr Stretchy,2026-07-07,08:00,90,No,1,Approved,2026-06-05 18:08:21,Will and Em
65adc81d-1bbb-429d-bc0c-7f390601985b,Tabasco Lube,"Want to spice up your sexuality? Let's get a try, not me.",Adults,Barrio del Sol,,,,2026-07-07,08:00,60,No,1,Approved,2026-06-08 19:26:22,Duckman
394e37a0-6977-4780-a08a-044008555eb4,Yoga - Grow the Heart,"An invitation to explore asanas, breath and stillness. Create freedom in your body through twists, upper chest opening and sounds. Flow to feel good and reconnect to yourself. ",Workshop,Here & Meow,,,Beduina,2026-07-07,09:00,60,No,1,Approved,2026-06-04 19:10:36,Morgan Rosario
22e3962a-b512-45da-a311-4742633038f0,IFS Therapy,"Back again in 2026 - Need a quick mental / emotional check-in? Interested in learning a research-backed psychotherapeutic technique that you can practice on yourself? A trained IFS (Internal Family Systems) practitioner is available for 1-1, guided meditation sessions to help you ease emotional tension, clarify internal confusion, and cultivate greater self-compassion. Come by the camp to inquire or sign up.",Spiritual / Healing,Bread & Tomato,,,,2026-07-07,10:00,240,No,1,Approved,2026-05-26 19:18:21,Ben D / Roshi
76aacca8-24e6-4e10-81ab-1346df752023,Shit Ninja Training,"Learn everything you need to know to do your job in the Shit Ninja Forces. Learn some special secret tricks and get to know the Shit Heads. Another meeting is held on Monday, July 6, at 18:00. (Attendance of one of the trainings is mandatory for all Shit Ninjas!)",Other,,Container Village,Shitshow,Kermit (green) container in Container Village,2026-07-07,10:00,60,No,0,Approved,2026-06-02 23:44:55,The Shit Heads
55442071-0ffa-4f0b-9d56-d5cd7844f35a,The plank club,"For everyone whose lower back has quietly decided to quit its job.
Every morning we will guide your half-dead festival body through a lower-back relief 5 min routine to unlock the spine and reactivate the glutes, followed by a collective core-strengthening plank challenge.
We start Tuesday with 1 minute plank, then add 1 minute every day together, reaching the glorious 6-minute finale by the end of the burn.",Other,Here & Meow,,,Beduina,2026-07-07,10:00,15,Yes,1,Approved,2026-06-04 19:24:30,Ruben
55442071-0ffa-4f0b-9d56-d5cd7844f35a,The plank club,"For everyone whose lower back has quietly decided to quit its job.
Every morning we will guide your half-dead festival body through a lower-back relief 5 min routine to unlock the spine and reactivate the glutes, followed by a collective core-strengthening plank challenge.
We start Tuesday with 1 minute plank, then add 1 minute every day together, reaching the glorious 6-minute finale by the end of the burn.",Other,Here & Meow,,,Beduina,2026-07-08,10:00,15,Yes,1,Approved,2026-06-04 19:24:30,Ruben
55442071-0ffa-4f0b-9d56-d5cd7844f35a,The plank club,"For everyone whose lower back has quietly decided to quit its job.
Every morning we will guide your half-dead festival body through a lower-back relief 5 min routine to unlock the spine and reactivate the glutes, followed by a collective core-strengthening plank challenge.
We start Tuesday with 1 minute plank, then add 1 minute every day together, reaching the glorious 6-minute finale by the end of the burn.",Other,Here & Meow,,,Beduina,2026-07-09,10:00,15,Yes,1,Approved,2026-06-04 19:24:30,Ruben
55442071-0ffa-4f0b-9d56-d5cd7844f35a,The plank club,"For everyone whose lower back has quietly decided to quit its job.
Every morning we will guide your half-dead festival body through a lower-back relief 5 min routine to unlock the spine and reactivate the glutes, followed by a collective core-strengthening plank challenge.
We start Tuesday with 1 minute plank, then add 1 minute every day together, reaching the glorious 6-minute finale by the end of the burn.",Other,Here & Meow,,,Beduina,2026-07-10,10:00,15,Yes,1,Approved,2026-06-04 19:24:30,Ruben
55442071-0ffa-4f0b-9d56-d5cd7844f35a,The plank club,"For everyone whose lower back has quietly decided to quit its job.
Every morning we will guide your half-dead festival body through a lower-back relief 5 min routine to unlock the spine and reactivate the glutes, followed by a collective core-strengthening plank challenge.
We start Tuesday with 1 minute plank, then add 1 minute every day together, reaching the glorious 6-minute finale by the end of the burn.",Other,Here & Meow,,,Beduina,2026-07-11,10:00,15,Yes,1,Approved,2026-06-04 19:24:30,Ruben
55442071-0ffa-4f0b-9d56-d5cd7844f35a,The plank club,"For everyone whose lower back has quietly decided to quit its job.
Every morning we will guide your half-dead festival body through a lower-back relief 5 min routine to unlock the spine and reactivate the glutes, followed by a collective core-strengthening plank challenge.
We start Tuesday with 1 minute plank, then add 1 minute every day together, reaching the glorious 6-minute finale by the end of the burn.",Other,Here & Meow,,,Beduina,2026-07-12,10:00,15,Yes,1,Approved,2026-06-04 19:24:30,Ruben
b03623d2-f110-493d-91fd-bd3de8eae5df,Pop Up Orgies,"Look out for Come&Play's mobile orgy dome - it will pop up across the playa, bringing different themed orgies right to our esteemed sex tourists. Expect vetting at the door, this is not a one size fits all situation - pun intended.",Adults,Come & Play,,,All around Playa,2026-07-07,10:00,480,Yes,1,Approved,2026-06-05 21:26:52,"We come, you play"
b03623d2-f110-493d-91fd-bd3de8eae5df,Pop Up Orgies,"Look out for Come&Play's mobile orgy dome - it will pop up across the playa, bringing different themed orgies right to our esteemed sex tourists. Expect vetting at the door, this is not a one size fits all situation - pun intended.",Adults,Come & Play,,,All around Playa,2026-07-08,10:00,480,Yes,1,Approved,2026-06-05 21:26:52,"We come, you play"
b03623d2-f110-493d-91fd-bd3de8eae5df,Pop Up Orgies,"Look out for Come&Play's mobile orgy dome - it will pop up across the playa, bringing different themed orgies right to our esteemed sex tourists. Expect vetting at the door, this is not a one size fits all situation - pun intended.",Adults,Come & Play,,,All around Playa,2026-07-09,10:00,480,Yes,1,Approved,2026-06-05 21:26:52,"We come, you play"
b03623d2-f110-493d-91fd-bd3de8eae5df,Pop Up Orgies,"Look out for Come&Play's mobile orgy dome - it will pop up across the playa, bringing different themed orgies right to our esteemed sex tourists. Expect vetting at the door, this is not a one size fits all situation - pun intended.",Adults,Come & Play,,,All around Playa,2026-07-10,10:00,480,Yes,1,Approved,2026-06-05 21:26:52,"We come, you play"
b03623d2-f110-493d-91fd-bd3de8eae5df,Pop Up Orgies,"Look out for Come&Play's mobile orgy dome - it will pop up across the playa, bringing different themed orgies right to our esteemed sex tourists. Expect vetting at the door, this is not a one size fits all situation - pun intended.",Adults,Come & Play,,,All around Playa,2026-07-11,10:00,480,Yes,1,Approved,2026-06-05 21:26:52,"We come, you play"
ef0d9365-6ed0-4255-9ee4-cd59bf2cd138,Sex Work For Free,"We will host again our famous 'Sex Work For Free'. Come and have a look at our offers, and maybe you'll find something that entices you! You can then find the person offering this service and ask if they're up for it. After the details have been discussed, you're all set to make your wildest fantasies come true.",Adults,Come & Play,,,Barrio Entrance,2026-07-07,10:00,480,Yes,1,Approved,2026-06-05 21:26:52,Come & Play
ef0d9365-6ed0-4255-9ee4-cd59bf2cd138,Sex Work For Free,"We will host again our famous 'Sex Work For Free'. Come and have a look at our offers, and maybe you'll find something that entices you! You can then find the person offering this service and ask if they're up for it. After the details have been discussed, you're all set to make your wildest fantasies come true.",Adults,Come & Play,,,Barrio Entrance,2026-07-08,10:00,480,Yes,1,Approved,2026-06-05 21:26:52,Come & Play
ef0d9365-6ed0-4255-9ee4-cd59bf2cd138,Sex Work For Free,"We will host again our famous 'Sex Work For Free'. Come and have a look at our offers, and maybe you'll find something that entices you! You can then find the person offering this service and ask if they're up for it. After the details have been discussed, you're all set to make your wildest fantasies come true.",Adults,Come & Play,,,Barrio Entrance,2026-07-09,10:00,480,Yes,1,Approved,2026-06-05 21:26:52,Come & Play
ef0d9365-6ed0-4255-9ee4-cd59bf2cd138,Sex Work For Free,"We will host again our famous 'Sex Work For Free'. Come and have a look at our offers, and maybe you'll find something that entices you! You can then find the person offering this service and ask if they're up for it. After the details have been discussed, you're all set to make your wildest fantasies come true.",Adults,Come & Play,,,Barrio Entrance,2026-07-10,10:00,480,Yes,1,Approved,2026-06-05 21:26:52,Come & Play
ef0d9365-6ed0-4255-9ee4-cd59bf2cd138,Sex Work For Free,"We will host again our famous 'Sex Work For Free'. Come and have a look at our offers, and maybe you'll find something that entices you! You can then find the person offering this service and ask if they're up for it. After the details have been discussed, you're all set to make your wildest fantasies come true.",Adults,Come & Play,,,Barrio Entrance,2026-07-11,10:00,480,Yes,1,Approved,2026-06-05 21:26:52,Come & Play
197795fd-7389-4c33-9d44-0a2b42f62762,Almost Kissing Bar,"Welcome to C&P favorite bar, the one where it is strictly forbidden to kiss the bartender. It has been reported that some like to flirt dangerously close to this limit though. Come any time, on either side of the bar, drinks not included",Adults,Come & Play,,,Barrio Entrance,2026-07-07,10:00,480,Yes,1,Approved,2026-06-05 21:26:52,Come & Play
197795fd-7389-4c33-9d44-0a2b42f62762,Almost Kissing Bar,"Welcome to C&P favorite bar, the one where it is strictly forbidden to kiss the bartender. It has been reported that some like to flirt dangerously close to this limit though. Come any time, on either side of the bar, drinks not included",Adults,Come & Play,,,Barrio Entrance,2026-07-08,10:00,480,Yes,1,Approved,2026-06-05 21:26:52,Come & Play
197795fd-7389-4c33-9d44-0a2b42f62762,Almost Kissing Bar,"Welcome to C&P favorite bar, the one where it is strictly forbidden to kiss the bartender. It has been reported that some like to flirt dangerously close to this limit though. Come any time, on either side of the bar, drinks not included",Adults,Come & Play,,,Barrio Entrance,2026-07-09,10:00,480,Yes,1,Approved,2026-06-05 21:26:52,Come & Play
197795fd-7389-4c33-9d44-0a2b42f62762,Almost Kissing Bar,"Welcome to C&P favorite bar, the one where it is strictly forbidden to kiss the bartender. It has been reported that some like to flirt dangerously close to this limit though. Come any time, on either side of the bar, drinks not included",Adults,Come & Play,,,Barrio Entrance,2026-07-10,10:00,480,Yes,1,Approved,2026-06-05 21:26:52,Come & Play
197795fd-7389-4c33-9d44-0a2b42f62762,Almost Kissing Bar,"Welcome to C&P favorite bar, the one where it is strictly forbidden to kiss the bartender. It has been reported that some like to flirt dangerously close to this limit though. Come any time, on either side of the bar, drinks not included",Adults,Come & Play,,,Barrio Entrance,2026-07-11,10:00,480,Yes,1,Approved,2026-06-05 21:26:52,Come & Play
dfb448e5-f420-4b63-a423-35c873d0d0ff,Turmeric sun printing,"Create a souvenir to bring home... Printed on fabric, directly by THE SUN! ☀️",Workshop,Planet Resilium,,,,2026-07-07,10:00,60,Yes,1,Approved,2026-06-07 13:15:53,Dr. Plantes
dfb448e5-f420-4b63-a423-35c873d0d0ff,Turmeric sun printing,"Create a souvenir to bring home... Printed on fabric, directly by THE SUN! ☀️",Workshop,Planet Resilium,,,,2026-07-09,10:00,60,Yes,1,Approved,2026-06-07 13:15:53,Dr. Plantes
ed0f3416-646d-432e-b283-a830c43435b3,Yoga-Capoeira,"We are animals. But forgot we are. Come to this workshop to reconnect and release your animalistic energy, and from there, learn about the African origins of Brazilian capoeira. This is a streching, yoga and capoeira workshop. We are also going to sing songs paying tribute to the Orixás. Being sober is a plus. Bring water, friends and your inner dendê. Muito axê pra vocês! ",Workshop,Camp Cambio,,,,2026-07-07,10:00,120,No,1,Approved,2026-06-07 23:46:47,Circus
a0ef6ea9-5323-4c32-ad33-10bb9e61dde9,The Court Is Yours — Open Beach Volleyball,"We have a court. We have a net. We have balls. And we want nothing in return. Peach Please's open beach volleyball court is our gift to the beach — come by and play whenever you want. If there are teams, there's a tournament. No registration, no strict rules — just Elsewhere principles and good vibes. Find us at the No-Playa Voley Club at Peach Please.",Other,Peach Please,,,No-Playa Voley Club,2026-07-07,10:00,480,Yes,1,Approved,2026-06-08 11:42:32,Iñaki
a0ef6ea9-5323-4c32-ad33-10bb9e61dde9,The Court Is Yours — Open Beach Volleyball,"We have a court. We have a net. We have balls. And we want nothing in return. Peach Please's open beach volleyball court is our gift to the beach — come by and play whenever you want. If there are teams, there's a tournament. No registration, no strict rules — just Elsewhere principles and good vibes. Find us at the No-Playa Voley Club at Peach Please.",Other,Peach Please,,,No-Playa Voley Club,2026-07-08,10:00,480,Yes,1,Approved,2026-06-08 11:42:32,Iñaki
a0ef6ea9-5323-4c32-ad33-10bb9e61dde9,The Court Is Yours — Open Beach Volleyball,"We have a court. We have a net. We have balls. And we want nothing in return. Peach Please's open beach volleyball court is our gift to the beach — come by and play whenever you want. If there are teams, there's a tournament. No registration, no strict rules — just Elsewhere principles and good vibes. Find us at the No-Playa Voley Club at Peach Please.",Other,Peach Please,,,No-Playa Voley Club,2026-07-09,10:00,480,Yes,1,Approved,2026-06-08 11:42:32,Iñaki
a0ef6ea9-5323-4c32-ad33-10bb9e61dde9,The Court Is Yours — Open Beach Volleyball,"We have a court. We have a net. We have balls. And we want nothing in return. Peach Please's open beach volleyball court is our gift to the beach — come by and play whenever you want. If there are teams, there's a tournament. No registration, no strict rules — just Elsewhere principles and good vibes. Find us at the No-Playa Voley Club at Peach Please.",Other,Peach Please,,,No-Playa Voley Club,2026-07-10,10:00,480,Yes,1,Approved,2026-06-08 11:42:32,Iñaki
a0ef6ea9-5323-4c32-ad33-10bb9e61dde9,The Court Is Yours — Open Beach Volleyball,"We have a court. We have a net. We have balls. And we want nothing in return. Peach Please's open beach volleyball court is our gift to the beach — come by and play whenever you want. If there are teams, there's a tournament. No registration, no strict rules — just Elsewhere principles and good vibes. Find us at the No-Playa Voley Club at Peach Please.",Other,Peach Please,,,No-Playa Voley Club,2026-07-11,10:00,480,Yes,1,Approved,2026-06-08 11:42:32,Iñaki
a0ef6ea9-5323-4c32-ad33-10bb9e61dde9,The Court Is Yours — Open Beach Volleyball,"We have a court. We have a net. We have balls. And we want nothing in return. Peach Please's open beach volleyball court is our gift to the beach — come by and play whenever you want. If there are teams, there's a tournament. No registration, no strict rules — just Elsewhere principles and good vibes. Find us at the No-Playa Voley Club at Peach Please.",Other,Peach Please,,,No-Playa Voley Club,2026-07-12,10:00,480,Yes,1,Approved,2026-06-08 11:42:32,Iñaki
154598a9-9aee-47fd-aeca-d9be9a10845f,Butoh Dance Laboratory,"¿Butoh? Discover an active meditation in which every movement, each second, all sensations, feelings and images arouse in your body summoning an overwhelming monument to human experience. Inspired by this art form that began in post nuclear Japan we enact inner light and shadows trough somatic body dynamics and hypnotic poetry plunging our conscience into the realms of waking dreaming alongside the veteran dancer from Zaragoza Gonzalo Catalinas. ",Workshop,,MoE - Middle of Elsewhere,Ania,,2026-07-07,10:00,150,No,0,Approved,2026-06-08 13:26:22,Gonzalina
2f3f659f-d6e1-4d79-8dec-d219f97c26c3,Primal Moves,"Primal Moves is a bodyweight movement method designed to cultivate body awareness, strength & mobility. Get ready to sweat! This will be a proper workout with biped & quadrupedal movements, core work and (preparation for) handstands. Animal costumes very welcome!",Workshop,Here & Meow,,,Beduina,2026-07-07,10:15,60,Yes,1,Approved,2026-06-07 21:59:40,Goldie
2f3f659f-d6e1-4d79-8dec-d219f97c26c3,Primal Moves,"Primal Moves is a bodyweight movement method designed to cultivate body awareness, strength & mobility. Get ready to sweat! This will be a proper workout with biped & quadrupedal movements, core work and (preparation for) handstands. Animal costumes very welcome!",Workshop,Here & Meow,,,Beduina,2026-07-08,10:15,60,Yes,1,Approved,2026-06-07 21:59:40,Goldie
b21bbcdf-8559-4840-8c81-a50e71213c71,Morning Piano & Coffee,"No matter if you are a beginner or a Mozart, you are welcome to come and play the piano under our chill shade and delight us while enjoying the morning coffee. Also allowed to come and sing, dance or whatever your body asks you to, even just to watch and listen.",Chillout,Olive Odyssey,,,,2026-07-07,10:30,90,Yes,1,Approved,2026-06-04 21:17:31,Sixto
b21bbcdf-8559-4840-8c81-a50e71213c71,Morning Piano & Coffee,"No matter if you are a beginner or a Mozart, you are welcome to come and play the piano under our chill shade and delight us while enjoying the morning coffee. Also allowed to come and sing, dance or whatever your body asks you to, even just to watch and listen.",Chillout,Olive Odyssey,,,,2026-07-10,10:30,90,Yes,1,Approved,2026-06-04 21:17:31,Sixto
bdc651bb-4534-44fa-96ea-82a61ff6df27,Pulpo Spa (Builders Edition) ,"Tired after a long, hard build? Come to Planet Pulpo and let us pamper you and show our appreciation with all our many tentacles. There will be hairwashing, massage, and really whatever else we feel like doing in order to get you ready for a whole new week of being your best self. 
This event is specifically for people who did build. Priority will be given to the heroes who have been on site the longest. ",Chillout,Planet Pulpo,,,,2026-07-07,11:00,180,No,1,Approved,2026-05-26 13:31:02,Shauna
b94df3c1-a783-4d2d-9659-419e2c7d9e09,Urinal Unicorns training,Stand up for your rights! The Urinal Unicorns training tells you all you need to know about the various urinals we have on sight and how to keep them clean and functional. Attendance is mandatory for all Urinal Unicorns!,Other,,Container Village,Shitshow,Kermit (green) container in Container Village,2026-07-07,11:00,90,No,0,Approved,2026-06-02 23:45:40,Shitshow
1c875661-b535-4920-986c-8c6230220ff4,Weird instrument jam,Like previous years. I simply love to jam experimentally with people who bring weird instruments. You can totally bring random objects too.  This year I may have extra things to experiment with.. Let´s see what is going to happen,Workshop,Mercurial Retrogrades,,,Mercurial Retrogrades,2026-07-07,11:00,60,No,1,Approved,2026-06-03 22:44:14,Christine
6b521d36-e7f5-41a2-9485-96a616a63465,Morning espresso,"Along with Radical Self-Expression, we're practicing Radical Self-Espresso: come and wake-up with us, learning about coffee science while our barista demonstrates how to do espresso directly in your cups. Milk drinks available outside of rush periods.",Food and drink,Ran'Dome®,,,Saloon,2026-07-07,11:00,60,Yes,1,Approved,2026-06-07 21:12:21,Lery
6b521d36-e7f5-41a2-9485-96a616a63465,Morning espresso,"Along with Radical Self-Expression, we're practicing Radical Self-Espresso: come and wake-up with us, learning about coffee science while our barista demonstrates how to do espresso directly in your cups. Milk drinks available outside of rush periods.",Food and drink,Ran'Dome®,,,Saloon,2026-07-09,11:00,60,Yes,1,Approved,2026-06-07 21:12:21,Lery
6b521d36-e7f5-41a2-9485-96a616a63465,Morning espresso,"Along with Radical Self-Expression, we're practicing Radical Self-Espresso: come and wake-up with us, learning about coffee science while our barista demonstrates how to do espresso directly in your cups. Milk drinks available outside of rush periods.",Food and drink,Ran'Dome®,,,Saloon,2026-07-10,11:00,60,Yes,1,Approved,2026-06-07 21:12:21,Lery
1a270b6d-e824-459d-ba64-3d5f2fd60206,Ayurvedic Oil masage,"Need a reboot?
20 minutes of Ayurvedic oily goodness
Choose your adventure: Head or full body massage
Only 3 lucky humans
Sign up before the universe decides for you.",Spiritual / Healing,Belly Town,,,Belly Town,2026-07-07,11:00,60,Yes,1,Approved,2026-06-04 14:54:53,Marie
1a270b6d-e824-459d-ba64-3d5f2fd60206,Ayurvedic Oil masage,"Need a reboot?
20 minutes of Ayurvedic oily goodness
Choose your adventure: Head or full body massage
Only 3 lucky humans
Sign up before the universe decides for you.",Spiritual / Healing,Belly Town,,,Belly Town,2026-07-08,11:00,60,Yes,1,Approved,2026-06-04 14:54:53,Marie
bc777109-57db-48e8-aecc-0a4061fc1849,The Lovebox Experience,"If your heart is open and the timing is right (11am-2pm T, W, F), join the interactive LOVEBOX experience and see its magic projected on the playa at night. Our receptionist will determine if you are capable of love. Begin with a treatment of your choice, then enter the LOVEBOX spacecraft to eyegaze, connect, and share your feelings about love as you journey into outer space and safely back to Earth. Freecamp between Here & Meow and Peach Please.",Spiritual / Healing,,Somewhere on the Playa,Eric,Freecamp between Here and Meow and Peach Please. Watch out for the Lovebox sign.,2026-07-07,11:00,180,Yes,0,Approved,2026-06-07 11:53:17,The Loveboxies
bc777109-57db-48e8-aecc-0a4061fc1849,The Lovebox Experience,"If your heart is open and the timing is right (11am-2pm T, W, F), join the interactive LOVEBOX experience and see its magic projected on the playa at night. Our receptionist will determine if you are capable of love. Begin with a treatment of your choice, then enter the LOVEBOX spacecraft to eyegaze, connect, and share your feelings about love as you journey into outer space and safely back to Earth. Freecamp between Here & Meow and Peach Please.",Spiritual / Healing,,Somewhere on the Playa,Eric,Freecamp between Here and Meow and Peach Please. Watch out for the Lovebox sign.,2026-07-08,11:00,180,Yes,0,Approved,2026-06-07 11:53:17,The Loveboxies
bc777109-57db-48e8-aecc-0a4061fc1849,The Lovebox Experience,"If your heart is open and the timing is right (11am-2pm T, W, F), join the interactive LOVEBOX experience and see its magic projected on the playa at night. Our receptionist will determine if you are capable of love. Begin with a treatment of your choice, then enter the LOVEBOX spacecraft to eyegaze, connect, and share your feelings about love as you journey into outer space and safely back to Earth. Freecamp between Here & Meow and Peach Please.",Spiritual / Healing,,Somewhere on the Playa,Eric,Freecamp between Here and Meow and Peach Please. Watch out for the Lovebox sign.,2026-07-10,11:00,180,Yes,0,Approved,2026-06-07 11:53:17,The Loveboxies
cd641cd2-d97d-46d1-9fcd-3846717f0a55,Trapilho carpet,Faites de vos vieux t-shirt des bobines de fil et aidez-nous à faire le plus beau tapis coopératif de l'univers ^^ // A trapilho rug for our dome! Turn your old t-shirts into balls of yarn and help us create the most beautiful collaborative rug in the universe ^^ //  Available all day,Workshop,Ran'Dome®,,,Big dôme,2026-07-07,11:00,480,Yes,1,Approved,2026-06-07 21:04:43,Paty
cd641cd2-d97d-46d1-9fcd-3846717f0a55,Trapilho carpet,Faites de vos vieux t-shirt des bobines de fil et aidez-nous à faire le plus beau tapis coopératif de l'univers ^^ // A trapilho rug for our dome! Turn your old t-shirts into balls of yarn and help us create the most beautiful collaborative rug in the universe ^^ //  Available all day,Workshop,Ran'Dome®,,,Big dôme,2026-07-08,11:00,480,Yes,1,Approved,2026-06-07 21:04:43,Paty
cd641cd2-d97d-46d1-9fcd-3846717f0a55,Trapilho carpet,Faites de vos vieux t-shirt des bobines de fil et aidez-nous à faire le plus beau tapis coopératif de l'univers ^^ // A trapilho rug for our dome! Turn your old t-shirts into balls of yarn and help us create the most beautiful collaborative rug in the universe ^^ //  Available all day,Workshop,Ran'Dome®,,,Big dôme,2026-07-09,11:00,480,Yes,1,Approved,2026-06-07 21:04:43,Paty
cd641cd2-d97d-46d1-9fcd-3846717f0a55,Trapilho carpet,Faites de vos vieux t-shirt des bobines de fil et aidez-nous à faire le plus beau tapis coopératif de l'univers ^^ // A trapilho rug for our dome! Turn your old t-shirts into balls of yarn and help us create the most beautiful collaborative rug in the universe ^^ //  Available all day,Workshop,Ran'Dome®,,,Big dôme,2026-07-10,11:00,480,Yes,1,Approved,2026-06-07 21:04:43,Paty
cd641cd2-d97d-46d1-9fcd-3846717f0a55,Trapilho carpet,Faites de vos vieux t-shirt des bobines de fil et aidez-nous à faire le plus beau tapis coopératif de l'univers ^^ // A trapilho rug for our dome! Turn your old t-shirts into balls of yarn and help us create the most beautiful collaborative rug in the universe ^^ //  Available all day,Workshop,Ran'Dome®,,,Big dôme,2026-07-11,11:00,480,Yes,1,Approved,2026-06-07 21:04:43,Paty
e7d50435-0186-4de9-bb4e-68e967a3d2e8,The Lovebox Experience,"If your heart is open and the timing is right (11am-2pm T, W, F), join the interactive LOVEBOX experience and see its magic projected on the playa at night. Our receptionist will determine if you are capable of love. Begin with a treatment of your choice, then enter the LOVEBOX spacecraft to eyegaze, connect, and share your feelings about love as you journey into outer space and safely back to Earth. At Calisto Freecamp next to Peach Please.",Spiritual / Healing,,Somewhere on the Playa,Eric,Calisto Freecamp next to Peach Please. Watch out for the Lovebox sign.,2026-07-07,11:00,180,Yes,0,Approved,2026-06-29 15:05:09,The Loveboxies
e7d50435-0186-4de9-bb4e-68e967a3d2e8,The Lovebox Experience,"If your heart is open and the timing is right (11am-2pm T, W, F), join the interactive LOVEBOX experience and see its magic projected on the playa at night. Our receptionist will determine if you are capable of love. Begin with a treatment of your choice, then enter the LOVEBOX spacecraft to eyegaze, connect, and share your feelings about love as you journey into outer space and safely back to Earth. At Calisto Freecamp next to Peach Please.",Spiritual / Healing,,Somewhere on the Playa,Eric,Calisto Freecamp next to Peach Please. Watch out for the Lovebox sign.,2026-07-08,11:00,180,Yes,0,Approved,2026-06-29 15:05:09,The Loveboxies
e7d50435-0186-4de9-bb4e-68e967a3d2e8,The Lovebox Experience,"If your heart is open and the timing is right (11am-2pm T, W, F), join the interactive LOVEBOX experience and see its magic projected on the playa at night. Our receptionist will determine if you are capable of love. Begin with a treatment of your choice, then enter the LOVEBOX spacecraft to eyegaze, connect, and share your feelings about love as you journey into outer space and safely back to Earth. At Calisto Freecamp next to Peach Please.",Spiritual / Healing,,Somewhere on the Playa,Eric,Calisto Freecamp next to Peach Please. Watch out for the Lovebox sign.,2026-07-10,11:00,180,Yes,0,Approved,2026-06-29 15:05:09,The Loveboxies
bd8b04cc-b299-401c-820a-642b02e40471,Cheese tasting with cheesy music (and some wine),"Welcome to the Cheese & Cheesy Music Workshop (and some wine): eat cheesy cheese while vibing to the most gloriously cheesy songs ever (and a cup of wine). Expect dramatic singalongs and fake “tasting notes”. Come classy, leave singing your heart out with cheese in hand. 🧀🎶 (Wine only for adults) Bring your cup",Food and drink,Mercurial Retrogrades,,,Mercurial retrogrades ,2026-07-07,12:00,60,No,1,Approved,2026-05-31 13:28:13,Pareille & Lela
c7c077c5-471e-4e25-8c3b-90c9a2658d6a,"Punk Nutrition for Nomads, Rebels, and People Without a Fridge","¿Qué comer sin nevera ni cocina, sin vivir de Doritos? ¿Qué necesita un humano para sobrevivir una semana en el desierto? Si tu dieta depende de suplementos, batidora y wifi, tenemos que hablar. Prometemos preguntas, algún juego, herejías nutricionales y cero kale masajeado.
What do you eat with no fridge or kitchen? We’ll talk survival, impossible diets, games, and nutritional heresy. No Doritos, no massaged kale.",Workshop,NoBarrio,,,NoBarrio,2026-07-07,12:00,60,No,1,Approved,2026-06-02 23:17:51,Fer
3a1812f7-9c74-41f6-b1e2-ddcbfdc41f16,The Unbearable Lightness of Slow ,"Slow-motion seduction lab for discovering the deliciousness of pacing. Expect playfulness, real slow touch and bending the time.",Workshop,Yes!,,,Dome,2026-07-07,12:00,60,No,1,Approved,2026-06-05 18:08:21,Be
935c4f59-6557-4c92-9573-8f5b9839f8b1,Bring my pony home,"Sparkling ponies are everywhere on the playa !  But these small creatures cannot find their way back home alone. Catch them and leave no trace ! Help them to find the Pink pony paradise, bring them back home, discover your inner yourself and get your cutie mark (or a glittering fresh beer, who knows...)",Spiritual / Healing,Pink Poney Paradise,,,Pink Poney Paradise,2026-07-07,12:00,480,Yes,1,Approved,2026-06-04 08:35:35,Datura
935c4f59-6557-4c92-9573-8f5b9839f8b1,Bring my pony home,"Sparkling ponies are everywhere on the playa !  But these small creatures cannot find their way back home alone. Catch them and leave no trace ! Help them to find the Pink pony paradise, bring them back home, discover your inner yourself and get your cutie mark (or a glittering fresh beer, who knows...)",Spiritual / Healing,Pink Poney Paradise,,,Pink Poney Paradise,2026-07-08,12:00,480,Yes,1,Approved,2026-06-04 08:35:35,Datura
935c4f59-6557-4c92-9573-8f5b9839f8b1,Bring my pony home,"Sparkling ponies are everywhere on the playa !  But these small creatures cannot find their way back home alone. Catch them and leave no trace ! Help them to find the Pink pony paradise, bring them back home, discover your inner yourself and get your cutie mark (or a glittering fresh beer, who knows...)",Spiritual / Healing,Pink Poney Paradise,,,Pink Poney Paradise,2026-07-09,12:00,480,Yes,1,Approved,2026-06-04 08:35:35,Datura
935c4f59-6557-4c92-9573-8f5b9839f8b1,Bring my pony home,"Sparkling ponies are everywhere on the playa !  But these small creatures cannot find their way back home alone. Catch them and leave no trace ! Help them to find the Pink pony paradise, bring them back home, discover your inner yourself and get your cutie mark (or a glittering fresh beer, who knows...)",Spiritual / Healing,Pink Poney Paradise,,,Pink Poney Paradise,2026-07-10,12:00,480,Yes,1,Approved,2026-06-04 08:35:35,Datura
935c4f59-6557-4c92-9573-8f5b9839f8b1,Bring my pony home,"Sparkling ponies are everywhere on the playa !  But these small creatures cannot find their way back home alone. Catch them and leave no trace ! Help them to find the Pink pony paradise, bring them back home, discover your inner yourself and get your cutie mark (or a glittering fresh beer, who knows...)",Spiritual / Healing,Pink Poney Paradise,,,Pink Poney Paradise,2026-07-11,12:00,480,Yes,1,Approved,2026-06-04 08:35:35,Datura
935c4f59-6557-4c92-9573-8f5b9839f8b1,Bring my pony home,"Sparkling ponies are everywhere on the playa !  But these small creatures cannot find their way back home alone. Catch them and leave no trace ! Help them to find the Pink pony paradise, bring them back home, discover your inner yourself and get your cutie mark (or a glittering fresh beer, who knows...)",Spiritual / Healing,Pink Poney Paradise,,,Pink Poney Paradise,2026-07-12,12:00,480,Yes,1,Approved,2026-06-04 08:35:35,Datura
86be5dff-a7f2-4cba-a0cc-28bb82e50db7,"Heliograving, wood graving by sun concentration","Come and try the most resilient way to wood curving. We share acrylic ball as concentrator, welding glasses for protect your eyes, and piece of wood as gift. You can also bring your own woody object and custom it at our camp. Hope to see you every sunny time! ",Workshop,Planet Resilium,,,,2026-07-07,12:00,60,Yes,1,Approved,2026-06-07 13:07:45,Ley
86be5dff-a7f2-4cba-a0cc-28bb82e50db7,"Heliograving, wood graving by sun concentration","Come and try the most resilient way to wood curving. We share acrylic ball as concentrator, welding glasses for protect your eyes, and piece of wood as gift. You can also bring your own woody object and custom it at our camp. Hope to see you every sunny time! ",Workshop,Planet Resilium,,,,2026-07-08,12:00,60,Yes,1,Approved,2026-06-07 13:07:45,Ley
86be5dff-a7f2-4cba-a0cc-28bb82e50db7,"Heliograving, wood graving by sun concentration","Come and try the most resilient way to wood curving. We share acrylic ball as concentrator, welding glasses for protect your eyes, and piece of wood as gift. You can also bring your own woody object and custom it at our camp. Hope to see you every sunny time! ",Workshop,Planet Resilium,,,,2026-07-09,12:00,60,Yes,1,Approved,2026-06-07 13:07:45,Ley
86be5dff-a7f2-4cba-a0cc-28bb82e50db7,"Heliograving, wood graving by sun concentration","Come and try the most resilient way to wood curving. We share acrylic ball as concentrator, welding glasses for protect your eyes, and piece of wood as gift. You can also bring your own woody object and custom it at our camp. Hope to see you every sunny time! ",Workshop,Planet Resilium,,,,2026-07-10,12:00,60,Yes,1,Approved,2026-06-07 13:07:45,Ley
dd7c744a-3be6-4e76-bf31-ccecad21c974,Improv workshop - Living Room Style,Time to get your creative juices running and share stories about your experiences/life to a prompt. After the sharing. members can choose to renact the story from any perspective (respectfully but also playfully) ,Chillout,Camp Cambio,,,,2026-07-07,12:00,60,No,1,Approved,2026-06-07 23:56:03,Taahira
b31bba03-0836-4594-9d33-2ebd38d45b41,Welcome to the Ice Age - Opening Party,"Join us for the grand opening of The Slutty Penguin Bar, a luxurious climate-controlled refuge in the middle of a desert. Bask in the artificial chill of industrial air conditioning while contemplating the environmental consequences of your comfort.
We'll have cold drinks, questionable decisions, excellent company, and enough BTUs to make a polar bear blush. Come celebrate humanity's greatest achievement: solving problems with larger problems.",Party,,The Slutty Penguin Bar,Spacefish,The Slutty Penguin Bar,2026-07-07,12:00,180,No,0,Approved,2026-06-08 20:19:01,Rumor and Spacefish
49435eca-aa02-42ed-a678-7cf9ecfab3c5,Acroyoga 101,"Movement, balance and trust: learn the basics of acroyoga. We will teach you how to perform foundational poses and transitions between them as a base or a flyer, spot each other and communicate well. It's a fun — and beautiful — way to surprise your body and learn new ways to move! No experience required. Come alone or with a partner and bring a mat if you can. Please, come sober.",Workshop,Herding Cats,,,Herding Cats Camp,2026-07-07,12:30,90,Yes,1,Approved,2026-06-09 18:09:05,Arthur & Sonya
49435eca-aa02-42ed-a678-7cf9ecfab3c5,Acroyoga 101,"Movement, balance and trust: learn the basics of acroyoga. We will teach you how to perform foundational poses and transitions between them as a base or a flyer, spot each other and communicate well. It's a fun — and beautiful — way to surprise your body and learn new ways to move! No experience required. Come alone or with a partner and bring a mat if you can. Please, come sober.",Workshop,Herding Cats,,,Herding Cats Camp,2026-07-10,12:30,90,Yes,1,Approved,2026-06-09 18:09:05,Arthur & Sonya
d716570f-9dba-4408-961d-71ade7c95179,Enhanced Wim Hof,"The classic breathwork. Just longer and intenseee. With movement and enhancements. Reset, arrive in you body. Please consume your own breakfast of enhancements before.",Spiritual / Healing,Yes!,,,Mr Stretchy,2026-07-07,12:30,60,No,1,Approved,2026-06-08 11:37:58,Andras
b10c3a48-0e83-4966-b09d-f60a939f577f,TAP Dancers training,"Caught with blood on your hands? Then you're doing it wrong! Learn everything you need to know about the TAPs (""Total Access! Period.""), our menstruation friendly accessibility toilets, and how to become the perfect TAP Dancer! Attendance is mandatory for all TAP Dancers.",Other,,Container Village,Shitshow,Kermit (green) container in Container Village,2026-07-07,13:00,60,No,0,Approved,2026-06-02 23:46:21,Sari and Shitshow
1330488b-2a18-4355-ba23-d50318f965ff,Thai yoga masssage & sexual flow,Thai yoga masssage moving into sexual flow. Come with a partner and kick off with Loving Touch and learn a few Kama Sutra switching transitions. Lets get ready for the temple nights together.,Adults,sssh!,,,sssh! Dome,2026-07-07,13:00,60,No,2,Approved,2026-06-04 13:13:44,Hanne & Chris
ba0360fb-f491-4b28-bb8d-875c0638b945,Testicular contraception all you always wanted to know,"Come talk about the thermal contraception method allowing people with testicule to have a non invasive, non risky contraception (open to all people, with or without testicules) ",Adults,Belly Town,,,Belly Town,2026-07-07,13:00,90,No,1,Approved,2026-06-04 15:12:10,Romain
c66a4ac0-9a40-49ae-9d43-b5b5161cefd1,Consensual Flirting,"If you’ve ever awkwardly winked at someone and immediately regretted it, this workshop is for you. Together, we'll explore how we can flirt in a way that's sexy, daring, and yet consensual using a series of playful, consent-based exercises. Bring your own smile, no prior flirting experience required.",Adults,Olive Odyssey,,,,2026-07-07,13:00,120,No,1,Approved,2026-06-04 20:16:07,Milan & Niko
f5753c28-04b8-493e-8e31-c8e8e58b80f3,Henna / Lino Workshop,"Come get adorned with henna magic! Bring a design idea and, if possible, a willing partner to practice on—but no worries if you come solo, we'll figure it out! Still feeling a little crafty? We’ve got you covered: you can also carve your own little Elsewhere memory in lino! Print it on paper or get it stamped directly onto your skin for a temporary tattoo!",Workshop,EYAO,,,Eat Your Art Out,2026-07-07,13:00,120,No,1,Approved,2026-06-07 00:02:04,Ellie
70cfddb9-342f-43e6-a495-45d2374c228b,Smell & Sensuality,"Surrender to your primal instincts. Blindfolded, we'll let smell and taste—the raw catalysts of chemistry—guide our sensual play.
Arrive clean, sober, playful, and without perfume/deodorant. Bring a gender-balanced partner or pair up at the door. We will rotate pairs. Close your eyes and let your deepest senses lead the way. ",Adults,Curious Creatures,,,Curious Creatures - Dome,2026-07-07,13:00,120,No,1,Approved,2026-06-08 10:26:30,G
d588065d-98f2-45bf-94bc-d81008463607,Randomize your burn,"Are you drained from decision-making? Want to experience full ego dissolution? Surrender to the gods of chance. Dice living is an ancient hippie practice that never went mainstream. Here we'll rediscover it, one dice roll at a time. The workshop will be random, only the dice gods know what we will do.",Workshop,Camp Cambio,,,,2026-07-07,13:00,60,No,1,Approved,2026-06-07 23:43:05,Christoph
955d5492-3d35-4213-89d1-42773c26c717,Fusion of Inner colours 🎨,"We will guide you to express your inner world through dancing, painting and blending with each other. Get ready to look like a work of art. Wear clothes that can get paint on them (or no clothes at all). We will dance, colour, and align our souls in a space of trust and expression to get to know each other through body connection ✨🫂",Workshop,Hyperflow,,,Dome,2026-07-07,13:00,90,No,1,Approved,2026-06-08 15:45:22,Nikki & Sara
0344c612-f984-4e97-9c41-625e8471c98f,Snowflake Factory - Arts & Crafts Workshop,"For thousands of years, snowflakes formed naturally.
We have chosen a different path.
Join us as we manufacture winter by hand, cutting intricate snowflakes from coffee filters while surrounded by industrial air conditioning in the middle of the Spanish desert.
Create a tiny frozen masterpiece. Decorate the dome. Embrace the absurdity.
No two snowflakes are alike, but all of them are significantly more sustainable than this bar.
",Workshop,,The Slutty Penguin Bar,Spacefish,The Slutty Penguin Bar,2026-07-07,13:00,120,No,0,Approved,2026-06-08 21:56:07,Rumor and Spacefish
28813730-9b34-4c1f-812b-dbc1d44daab6,"Sexual Awakening, Radiant Energy Massage","Liberate your full potential with techniques for unlocking and nurturing your inner capability for pleasure and well-being. Learn about combining relaxation, bodywork, and spiritual and mental practices that are attentively personalized with care for your individual blossoming.",Workshop,Yes!,,,Dome,2026-07-07,13:30,90,No,1,Approved,2026-06-05 18:08:21,For Sure
7fe25c9a-c1ef-4427-bd18-9d480c496551,Spanish Siesta,"Sleepy from the sun or need a rest from the chaos? Come and find slumber in our relaxing chill area with mattresses, hammocks and relaxing vibes. (non-sexual)",Chillout,Oasis Playground,,,Chill Area,2026-07-07,14:00,60,Yes,1,Approved,2026-06-02 15:12:50,
7fe25c9a-c1ef-4427-bd18-9d480c496551,Spanish Siesta,"Sleepy from the sun or need a rest from the chaos? Come and find slumber in our relaxing chill area with mattresses, hammocks and relaxing vibes. (non-sexual)",Chillout,Oasis Playground,,,Chill Area,2026-07-08,14:00,60,Yes,1,Approved,2026-06-02 15:12:50,
7fe25c9a-c1ef-4427-bd18-9d480c496551,Spanish Siesta,"Sleepy from the sun or need a rest from the chaos? Come and find slumber in our relaxing chill area with mattresses, hammocks and relaxing vibes. (non-sexual)",Chillout,Oasis Playground,,,Chill Area,2026-07-10,14:00,60,Yes,1,Approved,2026-06-02 15:12:50,
7fe25c9a-c1ef-4427-bd18-9d480c496551,Spanish Siesta,"Sleepy from the sun or need a rest from the chaos? Come and find slumber in our relaxing chill area with mattresses, hammocks and relaxing vibes. (non-sexual)",Chillout,Oasis Playground,,,Chill Area,2026-07-11,14:00,60,Yes,1,Approved,2026-06-02 15:12:50,
9e5f6299-0a74-427c-875a-14b0e4f54893,The sharpest knife in the drawer,"We can sharpen your knives. Ask your kitchen lead if the knives are a dull annoyance. If so, bring them over for a quick free service. Remember: Don't run carrying a knife.",Food and drink,Desert Dessert,,,Main Shade,2026-07-07,14:00,60,Yes,1,Approved,2026-06-02 18:43:36,Neoteleost
9e5f6299-0a74-427c-875a-14b0e4f54893,The sharpest knife in the drawer,"We can sharpen your knives. Ask your kitchen lead if the knives are a dull annoyance. If so, bring them over for a quick free service. Remember: Don't run carrying a knife.",Food and drink,Desert Dessert,,,Main Shade,2026-07-09,14:00,60,Yes,1,Approved,2026-06-02 18:43:36,Neoteleost
cff1bc9e-ce86-4966-8adc-8439149661ba,Somatic practices to ground yourself,"This workshop is a way to connect to your body, to get to know some practices you can still do whenever you need during the festival, or at home when you feel a bit disconnected of dysregulated.",Spiritual / Healing,sssh!,,,sssh! Dome,2026-07-07,14:00,60,No,1,Approved,2026-06-04 13:14:23,Lyne
2da2f87b-f171-4bb2-a321-a521ed209e14,Dirty Talk,"Through a series of short and fun exercices guided by the facilitator participants let go of fear to use words in sensual and sexual interactions. We explore the universe of appreciative talk, asking for what you want, receiving and giving orders, tone, placement, fantasies. The workshop is an opportunity to dare dirty talk, see why you fear it, let go of the fear of being ridiculous, see what you",Workshop,Yes!,,,Mr Stretchy,2026-07-07,14:00,120,No,1,Approved,2026-06-05 18:08:21,Olga
93f6dacf-14c3-401b-b2a4-83e44f4f8cf5,Speed Friending,"It's a mix of improvisation, movement and conversation. If you're socially awkward or a bit of an introvert like me, i promise you it's a great way of meeting new people in a very fun way ;)",Workshop,JamHouse,,,,2026-07-07,14:00,60,No,1,Approved,2026-06-08 07:40:24,Tia
50d85e9f-79ff-4a9a-88c0-62c08581993b,Gletschi Siesta,"When the sun is at its zenith, we serve cooling mist, water and electrolytes, accompanied by relaxing music.",Chillout,Desert Dessert,,,,2026-07-07,14:00,120,Yes,1,Approved,2026-06-07 00:25:53,Neoteleost
50d85e9f-79ff-4a9a-88c0-62c08581993b,Gletschi Siesta,"When the sun is at its zenith, we serve cooling mist, water and electrolytes, accompanied by relaxing music.",Chillout,Desert Dessert,,,,2026-07-09,14:00,120,Yes,1,Approved,2026-06-07 00:25:53,Neoteleost
50d85e9f-79ff-4a9a-88c0-62c08581993b,Gletschi Siesta,"When the sun is at its zenith, we serve cooling mist, water and electrolytes, accompanied by relaxing music.",Chillout,Desert Dessert,,,,2026-07-11,14:00,120,Yes,1,Approved,2026-06-07 00:25:53,Neoteleost
603ffe44-b2f0-436f-b4d1-a943d37072dd,Solar cooking,"At Planet Resilium we thrive on good food. Good food should be good for you and for the planet, that's why we use solar ovens! The Elsewhere sun is perfect to bake bread, cakes and much much more. Come to our barrio to learn how to master the free power of the sun and to eat delicious snacks with us.",Food and drink,Planet Resilium,,,,2026-07-07,14:00,120,Yes,1,Approved,2026-06-07 13:10:33,Floppy & co
603ffe44-b2f0-436f-b4d1-a943d37072dd,Solar cooking,"At Planet Resilium we thrive on good food. Good food should be good for you and for the planet, that's why we use solar ovens! The Elsewhere sun is perfect to bake bread, cakes and much much more. Come to our barrio to learn how to master the free power of the sun and to eat delicious snacks with us.",Food and drink,Planet Resilium,,,,2026-07-08,14:00,120,Yes,1,Approved,2026-06-07 13:10:33,Floppy & co
603ffe44-b2f0-436f-b4d1-a943d37072dd,Solar cooking,"At Planet Resilium we thrive on good food. Good food should be good for you and for the planet, that's why we use solar ovens! The Elsewhere sun is perfect to bake bread, cakes and much much more. Come to our barrio to learn how to master the free power of the sun and to eat delicious snacks with us.",Food and drink,Planet Resilium,,,,2026-07-09,14:00,120,Yes,1,Approved,2026-06-07 13:10:33,Floppy & co
603ffe44-b2f0-436f-b4d1-a943d37072dd,Solar cooking,"At Planet Resilium we thrive on good food. Good food should be good for you and for the planet, that's why we use solar ovens! The Elsewhere sun is perfect to bake bread, cakes and much much more. Come to our barrio to learn how to master the free power of the sun and to eat delicious snacks with us.",Food and drink,Planet Resilium,,,,2026-07-10,14:00,120,Yes,1,Approved,2026-06-07 13:10:33,Floppy & co
8c0e6bc0-5906-48e7-b32f-dcce2855d603,Human Car Wash,"Camp Cambio returns to the playa with yet another aquatic trick up its sleeve. After the juicy rave wave of last year, this year you can indulge in our human car wash. Come with a dirty mindset and dance on Nowhere's first beats whilst getting clean at the same time. No worries about working up a sweat!",Party,Camp Cambio,,,,2026-07-07,14:00,180,No,1,Approved,2026-06-07 23:59:06,Julian
0ce42ad8-4161-458e-9ac4-af38601b0c0a,Talk: Discover Your Queerness,"We invite you on a journey to discover your queerness — no matter where you're starting from. Never thought about it? Perfect. Very self-aware of your queerness? Perfect too. Turn inward through breath, eye contact, and imagination — meet others and share through dialogue while staying fully with yourself. There will be no touch. Come curious, for yourself and for others, and bring your boundaries with you.",Workshop,Peach Please,,,Dome,2026-07-07,14:00,60,No,1,Approved,2026-06-08 11:42:32,Miriam
b06c7a2c-6867-4245-8852-3b2cc40d5bf2,Tutu Taysday,Need a tutu for the partay? Come on by Werkhaus for two hours on Tuesday for a shake your bootay mission and win a tutu prize. All missions less than five minutes and all tutus immediately wearable.,Spiritual / Healing,Werkhaüs,,,,2026-07-07,14:00,120,No,2,Approved,2026-06-08 22:58:03,Cheeky
4e57c1b1-75cc-4c7e-9be1-6269ae1cf804,How to have Lots of Great Sex at Elsewhere,"Are you looking for connection & to explore sexuality this week? Elsewhere is a fantastic place to make connections & has many beautiful spaces, orgies and workshops where you can interact sexually. But how to navigate this complex landscape & fulfil your fantasies whilst keeping everyone happy, in consent & not accidentally causing harm? Learn from former Consent event Lead Daniel how to meet your desires in a way that also meets your partners'.",Workshop,Garden of Joy,,,Garden of Joy,2026-07-07,14:30,90,No,1,Approved,2026-06-03 12:03:50,Anna and Daniel 
a8ff1f73-ec8c-4194-a4e4-79c104ded3d3,Consent for cats,"Come and practice consent talks without words, just like your inner cat would. Meow, purr and hiss all the way to a new burn! Open to all, no pre-requisite",Adults,Come & Play,,,Thunderdome,2026-07-07,14:30,60,No,1,Approved,2026-06-05 21:26:52,Pipo
40ef9ae1-497d-45c0-afde-42abfc9fb847,Butt adoration - praise be the butt ! ,"Butt adoration - praise be the butt ! 
Praise the butt, adore the butt, complimente the butt, talk to the butt, touch the butt. I think you got it ? Come it's gonna be buttifull !",Adults,Le Gratin,,,Playroom,2026-07-07,14:30,90,No,1,Approved,2026-06-06 02:02:29,Charlie 
59165fa2-92cf-49da-9a60-560ff97d88b9,Yoga Nidra,"After days of building, creating, sweating, and giving your all to the playa, gift yourself a different kind of journey. Yoga Nidra is a guided practice of deep rest that allows the body to recover, the mind to settle, and the nervous system to reset. No movement required—simply lie down, get comfortable, and let yourself be held by stillness as you're guided through a unique and relaxing meditation. ",Workshop,Wonderever,,,Wonder Carpet,2026-07-07,14:30,60,No,1,Approved,2026-06-06 18:58:07,Soph
a7672a81-3efe-422b-b83d-f4419d16596a,Tantric Face Slapping,"Learn the essentials about slapping someone's face and being slapped (relatively) safely and explore this infamous human interaction in a playful, consensual and guided. Mutuality optional. Come with partner or match spontaneously.

Please be sensitive with your personal story and experience of the past. This workshop cannot provide any therapeutic support or healing. (adult only)",Workshop,Mercurial Retrogrades,,,Mercurial retrogrades ,2026-07-07,15:00,60,No,1,Approved,2026-05-31 13:20:53,Feli
45b6ead5-df9f-4d08-828c-ddf463ef90f6,Shitty Shisha,"Shisha? At Elsewhere? Don't tell the fire leads! Come to chill out and enjoy that nicotine hit in the shade. I only have one apparatus, so capacity is naturally limited (but chill vibes know no limit). Smoke is guaranteed, unburnt tobacco less so; no refunds!",Chillout,Herding Cats,,,Herding Cats Camp,2026-07-07,15:00,90,No,1,Approved,2026-06-01 15:13:26,Arthur
ff0778d0-326c-4768-86a6-5fb989cdf01c,Blind Speed Dating,"Come along to our workshop which will provide a new way to speed-date, involving blindfolds and touch.",Workshop,Oasis Playground,,,Chill Area,2026-07-07,15:00,60,No,1,Approved,2026-06-02 15:07:01,Marie-Elise & Ania
f32debb3-4e68-4956-959c-3887b39f998d,Authentic Movement,"Authentic Movement is a free-form bodywork practice where we explore our inner images, exploring and expressing the emotions and sensations that emerge in the moment without judgment. It is a tool for deep self-knowledge that allows us to connect with our presence..",Adults,sssh!,,,sssh! Dome,2026-07-07,15:00,60,No,1,Approved,2026-06-04 13:14:58,Marta
b1c217d7-8d6e-4389-b70e-8b59178422c9,Somatic Exploration,"We move, and we allow ourselves to be moved—beginning in solo exploration and gradually expanding into partner practice.
This is not a workout. It’s an opportunity to turn your attention inward, slow down, and connect with what is alive within you. Through a blend of breathwork, QiGong-inspired movement, meditation, and embodied awareness, we’ll cultivate presence, curiosity, and connection.",Workshop,Olive Odyssey,,,,2026-07-07,15:00,60,No,1,Approved,2026-06-04 20:42:01,Toni
5a247c2f-9316-4bad-ba15-c3580b5960ee,Colorful sexploration,"We brought the canvas and paints, you are our brushes. Create art with your bodies or toys and eternalize your lust on our canvas. Might turn into an orgy or a colorful playfight.",Adults,Come & Play,,,Open Space,2026-07-07,15:00,120,No,1,Approved,2026-06-05 21:26:52,Ela
1a745748-7a9f-4bee-b5df-ce0444c34a77,How not to be a (male) dickhead,"Let's talk machismo, toxic masculinity, feminism and how  the burner scene might be less attentive than it presents itself.",Workshop,Shenanicamp,,,,2026-07-07,15:00,90,No,1,Approved,2026-06-10 15:18:57,Marius
6cf6a223-849c-44df-b152-e7ec3034d37c,Vipassana Meditation,"You are a Vipassana practicioner and want to share a meditation with your fellow burners? Come to our dome, we have shade and pillows!",Spiritual / Healing,Belly Town,,,Belly Town,2026-07-07,15:00,60,No,1,Approved,2026-06-07 14:54:46,Dje
8f7393b7-1723-4a6a-aa0f-80f8aa2532ab,One ring to rule all seamen,"Not some fanfiction pornparody of Lord of the Rings and Pirates of the Caribbean. 

Learn about male contraception. How to protect yourself and your partner from unwanted pregnancies. Ama and experience sharing.",Other,Curious Creatures,,,Curious Creatures - Dome,2026-07-07,15:00,60,No,1,Approved,2026-06-08 11:24:25,Space Cowboy
1ab1c9e3-0f3a-4f37-8932-9ae237580b15,The Art of Seductive Negotiation,"Method of nine steps to enlarge the angles of any Negotiation, whether it is with your boss, your colleague, your partner, your kids and even your cat or dog in such a way to convert a Win-Loose discussion into a Win-win discussion.",Workshop,,MoE - Middle of Elsewhere,Ania,,2026-07-07,15:00,60,No,0,Approved,2026-06-08 13:31:07,Merlin 
ab6c5b1b-6401-4266-8c4b-53e2f902fba4,Kitty Playtime,"Channel your inner feline and join our kitty playground in the dust! Here, we'll explore life through the eyes of our mischievous kitty alter egos. We'll think and act like cats — stretch, scratch, chill, groom (with ice), and play, with toys and with each other.",Workshop,Here & Meow,,,Beduina,2026-07-07,15:00,60,No,1,Approved,2026-06-08 16:08:56,Sibel
539c1e9e-4d9c-4f31-8461-deb7502fe5bb,OPENguin House,"For one hour each day, The Slutty Penguin Bar will temporarily relinquish control of its climate-controlled empire. We invite other camps, artists, performers, educators, weirdos, visionaries, and anyone with a questionable idea to host their own event inside our luxurious refrigerated penguin sanctuary. Want to teach a workshop? Host a discussion? Perform interpretive dance? Start a cult? End a cult? This is your hour. Sign up 24 h in advance.",Other,,The Slutty Penguin Bar,Spacefish,The Slutty Penguin Bar,2026-07-07,15:00,60,Yes,0,Approved,2026-06-08 21:23:02,tbd
539c1e9e-4d9c-4f31-8461-deb7502fe5bb,OPENguin House,"For one hour each day, The Slutty Penguin Bar will temporarily relinquish control of its climate-controlled empire. We invite other camps, artists, performers, educators, weirdos, visionaries, and anyone with a questionable idea to host their own event inside our luxurious refrigerated penguin sanctuary. Want to teach a workshop? Host a discussion? Perform interpretive dance? Start a cult? End a cult? This is your hour. Sign up 24 h in advance.",Other,,The Slutty Penguin Bar,Spacefish,The Slutty Penguin Bar,2026-07-08,15:00,60,Yes,0,Approved,2026-06-08 21:23:02,tbd
539c1e9e-4d9c-4f31-8461-deb7502fe5bb,OPENguin House,"For one hour each day, The Slutty Penguin Bar will temporarily relinquish control of its climate-controlled empire. We invite other camps, artists, performers, educators, weirdos, visionaries, and anyone with a questionable idea to host their own event inside our luxurious refrigerated penguin sanctuary. Want to teach a workshop? Host a discussion? Perform interpretive dance? Start a cult? End a cult? This is your hour. Sign up 24 h in advance.",Other,,The Slutty Penguin Bar,Spacefish,The Slutty Penguin Bar,2026-07-09,15:00,60,Yes,0,Approved,2026-06-08 21:23:02,tbd
539c1e9e-4d9c-4f31-8461-deb7502fe5bb,OPENguin House,"For one hour each day, The Slutty Penguin Bar will temporarily relinquish control of its climate-controlled empire. We invite other camps, artists, performers, educators, weirdos, visionaries, and anyone with a questionable idea to host their own event inside our luxurious refrigerated penguin sanctuary. Want to teach a workshop? Host a discussion? Perform interpretive dance? Start a cult? End a cult? This is your hour. Sign up 24 h in advance.",Other,,The Slutty Penguin Bar,Spacefish,The Slutty Penguin Bar,2026-07-10,15:00,60,Yes,0,Approved,2026-06-08 21:23:02,tbd
539c1e9e-4d9c-4f31-8461-deb7502fe5bb,OPENguin House,"For one hour each day, The Slutty Penguin Bar will temporarily relinquish control of its climate-controlled empire. We invite other camps, artists, performers, educators, weirdos, visionaries, and anyone with a questionable idea to host their own event inside our luxurious refrigerated penguin sanctuary. Want to teach a workshop? Host a discussion? Perform interpretive dance? Start a cult? End a cult? This is your hour. Sign up 24 h in advance.",Other,,The Slutty Penguin Bar,Spacefish,The Slutty Penguin Bar,2026-07-11,15:00,60,Yes,0,Approved,2026-06-08 21:23:02,tbd
539c1e9e-4d9c-4f31-8461-deb7502fe5bb,OPENguin House,"For one hour each day, The Slutty Penguin Bar will temporarily relinquish control of its climate-controlled empire. We invite other camps, artists, performers, educators, weirdos, visionaries, and anyone with a questionable idea to host their own event inside our luxurious refrigerated penguin sanctuary. Want to teach a workshop? Host a discussion? Perform interpretive dance? Start a cult? End a cult? This is your hour. Sign up 24 h in advance.",Other,,The Slutty Penguin Bar,Spacefish,The Slutty Penguin Bar,2026-07-12,15:00,60,Yes,0,Approved,2026-06-08 21:23:02,tbd
3d2e147c-178a-4789-9f85-da24b076074b,Auto-hypsnosis for beginners,"Have you ever tried to find your totem animal during a chaman trip, but always fall asleep or get bored before the end ? This workshop is for you ! 
A logical step-by-step guide on how to let go, for the overthinker you are.",Workshop,Werkhaüs,,,,2026-07-07,15:00,60,No,2,Approved,2026-06-08 22:59:32,Little B
00e3c519-8781-474d-b1d1-9a2ff5d06939,Talk: Sex-Positive Co-living,"A circle for anyone curious about or already living in sex-positive shared spaces. Share your experiences of the creation, everyday rhythms, and challenges of intentional co-living with a sex-positive culture. This session is sparked by a project to create a sex-positive flatshare in Bordeaux — all stories and questions welcome.",Workshop,Peach Please,,,Dome,2026-07-07,15:10,60,No,1,Approved,2026-06-08 11:42:32,Oysha
96e42b22-8532-429a-b2d2-b9c3d79d21b0,"Carajillos, hobbits, music and palique","Carajillos (coffee + alcohol), hobbits (hobbits), music (músic) and palique (talking)",Food and drink,Bread & Tomato,,,Hobbitown,2026-07-07,15:30,60,No,1,Approved,2026-06-08 11:20:42,Hobbits
6c72f70e-beb5-4f86-b241-9495d3f6da1a,40 ways around the C0ck,"Explore 40+ creative ways to massage your partner’s penis with care, presence and playfulness ! 🍆🪄This playful, guided 2h journey is an invitation to unleash creativity, deepen connection & spice up intimacy.  You will travel through mountains, jungle and underwater world, meeting a cute squirrel, a magical butterfly, a playful octopus and other surprising creatures.... inspiring creative ",Adults,Yes!,,,Dome,2026-07-07,15:30,120,No,1,Approved,2026-06-08 11:33:26,Yna
b07e290c-5b30-441d-afa7-6af57323a295,K-not tying,"Master both utility and pleasure in ""K-not tying."" This dual-purpose workshop bridges practical survival skills with intimate sensory exploration. Learn essential knots like the Bowline and Trucker’s Hitch for securing gear, then apply those same mechanics to safe, stylish, tension-based play. Discover how physics, trust, and tension transform both your backcountry adventures and your intimate life.",Workshop,Hyperflow,,,Dome,2026-07-07,15:30,60,No,1,Approved,2026-06-06 14:57:47,Semyon
3004cb31-00ad-48f1-93b9-e87211047a94,Shibari people puppet show,"8 puppet masters. 4 puppets. 0 dignity. In this gloriously silly experiment, willing bodies become marionettes - lashed to the scaffolding, strings pulled, limbs dancing at the mercy of collaborative chaos. Riggers need a sense of humor and a solid single column tie. More experience welcome. Puppets need only trust, flexibility, and a readiness to be ridiculous. Come clean. Bring ropes if you have",Adults,Curious Creatures,,,Curious Creatures - Mansion,2026-07-07,15:30,120,No,1,Approved,2026-06-08 11:34:58,Lilou and Captain Jack
a56e0e60-01cf-45ec-bc04-1762fe2e29e6,Slow Dating,"A soft and playful space to meet other curious creatures through intentional conversations, prompts, movement, and mindful connection. The opposite of speed dating: no rush, no pressure to impress, just humans meeting slowly beyond small talk. Shy humans, introverts, and awkward creatures welcome.",Workshop,Curious Creatures,,,Curious Creatures - Dome,2026-07-07,16:00,90,No,1,Approved,2026-06-08 11:31:40,Lani
3a6eab03-c815-4ab3-b153-85b9bbbf3d7c,Space Care,"A space of care and sweetness, to share slow and gentle touch, caresses, hugs, sensuality, and laughter. All with mindfulness, authenticity, and consent. An invitation to deep relaxation, vulnerability, letting go, and to connect with yourself and others in another dimension.",Adults,sssh!,,,sssh! Dome,2026-07-07,16:00,60,No,1,Approved,2026-06-04 13:15:37,Elio
7526ce64-6093-4052-88ca-efb0b65c84f6,MoonCows Opening Party,"Come and moooeet the cows! Drinks will be served, mooosic will be played, and fun will be had. This will put you in a good moooooood.",Party,Mooncows,,,MoonCows Lounge,2026-07-07,16:00,120,No,1,Approved,2026-06-07 21:25:02,
cfb11225-0fce-4d16-af8e-56605ac451f1,Nail bar,Bring your nails and they will be painted!,Other,Mooncows,,,MoonCows Lounge,2026-07-07,16:00,60,Yes,1,Approved,2026-06-07 21:29:59,Katya
cfb11225-0fce-4d16-af8e-56605ac451f1,Nail bar,Bring your nails and they will be painted!,Other,Mooncows,,,MoonCows Lounge,2026-07-08,16:00,60,Yes,1,Approved,2026-06-07 21:29:59,Katya
549ba833-5771-43df-b7b6-218cba53f893,New Land for Elsewhere: from idea to community ownership!,"Following the lead from other burns, we’re exploring owning our own site. After last year's successful campaign to find people who pledge money, we have enough funds for the next steps of purchasing and owning the land. We will deepen what we have done, explain some of the bottlenecks and discuss next steps! Join this talk to learn about our progress, next steps, financing, and how you can get involved. Your participation is key to our success!!",Workshop,Wonderever,,,Wonder Carpet,2026-07-07,16:00,60,No,1,Approved,2026-06-07 22:16:37,Ward & Pablo
20781a45-eb07-464d-ad0a-b02a2d40d751,Ragga dancehall,"Discover Dancehall, a dance style from Jamaica. You'll learn the basic steps of this energetic dance. Come move your hips. As good old Sean Paul would say: “So mi go so dem” — here we go!",Workshop,Belly Town,,,Belly Town,2026-07-07,16:00,60,No,1,Approved,2026-06-04 15:08:19,Crolle
5b9f059a-d83c-40fa-b4bf-acc035a83568,Afternoon Jam,JamHouse opening the Burn with a sweet afternoon open jam in the glorious sun,Chillout,JamHouse,,,,2026-07-07,16:00,120,No,1,Approved,2026-06-08 07:40:24,
e3ad5ee6-6e8f-400a-980d-af4136f6a39b,Move like the animal you are  ,"Before the gym, before the chair you moved like an animal. This workshop takes you back there. Crawl like an ape, slither like a lizard, leap like a frog, stalk like a cat. Get on the floor, stretch, crawl and play with fellow creatures. Connect to the intelligence living within you. Discover movements that surprise you, and remember how much fun it is to be on all fours. Come as you are. Find your pack at Garden of Joy. 
",Workshop,Garden of Joy,,,Garden of Joy,2026-07-07,16:00,90,No,1,Approved,2026-06-07 22:32:10,Basem
d19cfaf5-ce65-4ca3-9578-59705f4b1296,Speed dating for queer guys,"Whether you're looking for new friendships, burn partners, or a more special connection, come meet other queer men (cis, trans, and non-binary). A few minutes to chat, lots of possibilities for what comes next. Workshop in EN & FR",Workshop,Glowy Owl,,,,2026-07-07,16:00,120,No,1,Approved,2026-06-08 21:01:11,Dune & Etienne
72da7d93-2543-4571-a702-49efbdb15bc8,"Drinks, DJs & Wild Olives","Join us at Olive Odyssey Camp for a late-afternoon sonic journey where warm daylight grooves melt into deep sunset emotions. Gather, connect, dance and surrender to the magic of the golden hour as we celebrate community, creativity and the art of presence.",Party,Olive Odyssey,,,,2026-07-07,16:00,180,Yes,1,Approved,2026-06-08 09:08:15,Olive Odyssey Camp
72da7d93-2543-4571-a702-49efbdb15bc8,"Drinks, DJs & Wild Olives","Join us at Olive Odyssey Camp for a late-afternoon sonic journey where warm daylight grooves melt into deep sunset emotions. Gather, connect, dance and surrender to the magic of the golden hour as we celebrate community, creativity and the art of presence.",Party,Olive Odyssey,,,,2026-07-08,16:00,180,Yes,1,Approved,2026-06-08 09:08:15,Olive Odyssey Camp
72da7d93-2543-4571-a702-49efbdb15bc8,"Drinks, DJs & Wild Olives","Join us at Olive Odyssey Camp for a late-afternoon sonic journey where warm daylight grooves melt into deep sunset emotions. Gather, connect, dance and surrender to the magic of the golden hour as we celebrate community, creativity and the art of presence.",Party,Olive Odyssey,,,,2026-07-09,16:00,180,Yes,1,Approved,2026-06-08 09:08:15,Olive Odyssey Camp
72da7d93-2543-4571-a702-49efbdb15bc8,"Drinks, DJs & Wild Olives","Join us at Olive Odyssey Camp for a late-afternoon sonic journey where warm daylight grooves melt into deep sunset emotions. Gather, connect, dance and surrender to the magic of the golden hour as we celebrate community, creativity and the art of presence.",Party,Olive Odyssey,,,,2026-07-10,16:00,180,Yes,1,Approved,2026-06-08 09:08:15,Olive Odyssey Camp
72da7d93-2543-4571-a702-49efbdb15bc8,"Drinks, DJs & Wild Olives","Join us at Olive Odyssey Camp for a late-afternoon sonic journey where warm daylight grooves melt into deep sunset emotions. Gather, connect, dance and surrender to the magic of the golden hour as we celebrate community, creativity and the art of presence.",Party,Olive Odyssey,,,,2026-07-11,16:00,180,Yes,1,Approved,2026-06-08 09:08:15,Olive Odyssey Camp
72da7d93-2543-4571-a702-49efbdb15bc8,"Drinks, DJs & Wild Olives","Join us at Olive Odyssey Camp for a late-afternoon sonic journey where warm daylight grooves melt into deep sunset emotions. Gather, connect, dance and surrender to the magic of the golden hour as we celebrate community, creativity and the art of presence.",Party,Olive Odyssey,,,,2026-07-12,16:00,180,Yes,1,Approved,2026-06-08 09:08:15,Olive Odyssey Camp
94cc11a2-0521-4f4f-9ed5-a6f1b4f507ea,A Mole New World,A participatory exploration of dermatological findings and deeply questionable astrology — indulging in minimalist body painting and the human tendency to assign meaning to absolutely everything,Workshop,Yes!,,,Mr Stretchy,2026-07-07,16:30,75,No,1,Approved,2026-06-06 09:17:20,Kim
86263368-09b9-49b7-a17b-fe540e0cef3b,Spank Party,"We all have reasons to deserve a good spanking. Come confess your sins and claim the punishment you deserve! Willing bottoms, caring hands, and mandatory consent — that's the only rule of the house.",Adults,Peach Please,,,Dome,2026-07-07,16:30,60,No,1,Approved,2026-06-08 11:42:32,Frédéric
d3deb1d8-c2d4-4b43-a300-c47e4283e17f,Deep connection,"""A discussion might be seen as an egg:
 - the shell are the small talks
 - the white are the emotional talks
 - the yolk are the sharing moments and emotions in the subjects we have
 
 Let's do some active listening, deep talk and learn how we are outside of our physical form""",Workshop,sssh!,,,sssh! Dome,2026-07-07,17:00,90,No,1,Approved,2026-06-04 13:16:18,Simon
8bd4906a-dd67-415e-a1d3-08ec0cdac72d,TripAdvisor,"Ready to party or embark on an inner journey with peace of mind? Bring a sample of your favorite molecules and discover their composition. Using over a dozen different reagents, we'll help you identify the components and eliminate unwanted substances, ensuring your safety.",Workshop,Belly Town,,,Belly Town,2026-07-07,17:00,60,No,1,Approved,2026-06-04 15:13:08,Jonas
26c4b5bc-a0b5-48ac-93a9-c60e13132bec,Support Group for Good Looking People,"Good looking people have unique problems that are rarely discussed. This can lead to feelings of social exclusion and isolation. If you're close to a 10 and struggling, then come and find solace with others who navigate the good looking path through life. ",Spiritual / Healing,Shenanicamp,,,Shenanicamp,2026-07-07,17:00,60,No,1,Approved,2026-06-07 13:38:49,Becca and Cem
ce1d172c-89da-4f97-8863-e76a993b7749,Mushroom Tea Party,"Welcome to Wonderland. How about a cup of tea to get in the mood? The Royal Mushroom Family is throwing a party in YOUR honour, with Alice and the Mad Hatter. There will be tea, cakes, and a touch of magic. Don't be shy — we're all mad here. Bring a cup and a hat.",Party,Barrio del Sol,,,,2026-07-07,17:00,120,No,1,Approved,2026-06-08 16:12:36,the Royal Mushroom Family
3f3594ba-fd1b-4a3e-ab48-8a480a89a841,Mad Tea Party! ,"Come join a magical trip to the cozy Wonderlands of Alice, where we will share a magic tea potion and make new connections to the tunes of a our ecstatic Dj’s, bringing every day a different vibe - from a grounding moment of ‘calm and connect’ to, who knows, some madness may await! An assortment of teas hot and cold will of course be served to you by our fantastical creatures who might also guide you trough our rabbit hole.",Food and drink,Camp Cambio,,,,2026-07-07,17:00,120,No,1,Approved,2026-06-14 10:37:44,Julia & Sander 
7a22804e-1aec-4cc2-89ec-5880d723941c,Consent 102: The Advanced Edition!,"Do you already have a solid consent background, but would you like to expand your horizons even more? In this talking workshop we'll handle subjects as risk profiles, why do we do what we do, rejection, what if things go wrong, consent for cnc, trauma-aware consent, and potentially also other topics being brought up by the audience. Come and learn, share and prepare yourself for more intense play!",Adults,Come & Play,,,Thunderdome,2026-07-07,17:30,90,No,1,Approved,2026-06-05 21:26:52,Lies
b06a3a0d-c2bf-49aa-9ad3-4bb5bbb1e68b,Hysterical Political Discussion,"A performance to participate in or watch, featuring people discussing a political topic while others have sex with them First topic: “Is BDSM political?”",Adults,Come & Play,,,Open Space,2026-07-07,17:30,60,No,1,Approved,2026-06-05 21:26:52,phaune
16452c6d-8d5c-4887-b7dd-98b022f2b053,Cult of Schnapps!,"Come join my ""Cult of Schnapps"" where I invite you all to a semi traditional Swedish midsummer celebration! I will teach y'all some traditional Swedish drinking songs (translated by my best ability into English) along side with a tasting of some traditional Swedish liquors and maybe even a short history lesson on Swedens long lived tradition of hilarious drinking songs. All of it coming together into a complete celebratory, midsummeresque ritual.",Food and drink,EYAO,,,Eat Your Art Out,2026-07-07,17:30,90,No,1,Approved,2026-06-06 23:14:19,Rose
f52b561d-e033-40ff-aa49-bb587ee3e7b1,Speed Friendship,"Are you new, don't know anyone, shy or whatever - then come to speed friendship!  it's like speed dating without the cheesy pick up lines (well.. in theory).",Workshop,Garden of Joy,,,Garden of Joy,2026-07-07,17:30,60,No,1,Approved,2026-06-07 22:38:02,Gonzo
4e672af9-a400-4f49-808d-321447e5eed0,"""Live Body Sculpture"" ","Using plaster bandage, we will build in one hour the Body print of your  body, your limbs. Dried thanks to the desert wind,  we will paint it in gold and it will  be part of the Golden lady processionas a celebration",Workshop,Barrio Espace,,,,2026-07-07,17:30,60,No,1,Approved,2026-06-08 23:27:59,"Marianne, Lucie"
a4b5e908-b255-48a5-8309-602e4c29cdeb,Resonances,"Come and meet other nobodies without the dangerous corruptions of your eyes and ears. See whose body your body resonates best with! Resonate beyond reason. Sensuality is very welcome but no genital touch.

You will be blindfolded to fully experience the connection. At any time you can stop the interaction, eventually lift the blindfold, before being moved in front of another nobody.

I facilitated this WS at Glitch and Come&Play last year",Adults,Glitch,,,Glitch,2026-07-07,18:00,90,No,2,Approved,2026-06-04 10:56:36,Kho Ben
2ebf6065-199a-485a-a842-62c7ffe1b4f7,Apéro Marseillais (Pastis),"Just a little pastis tasting activity, in a very marseillese mood. 
Une simple activité de dégustation quelques pastis, bien frais histoire de se régaler OH KONG ! ",Food and drink,Ran'Dome®,,,Saloon,2026-07-07,18:00,90,No,1,Approved,2026-06-07 21:02:55,Adrian
edb15455-f72a-4f81-8bec-ffb3e4164605,Playfight,"The two friends burst into a playful playfight, laughing as they dodged exaggerated punches and dramatic tackles. Neither was trying to win-they were too busy giggling, pretending to be action heroes while stumbling around in a harmless battle of silliness.",Adults,Olive Odyssey,,,,2026-07-07,18:00,120,No,1,Approved,2026-06-04 20:26:09,Toni
4cc2b82c-0398-412f-a470-e2a387627005,Intro to Power Dynamics,Are you curious to explore consensual power dynamics during play? Is there a powerful dominant inside you or a willing submissive? Come create a relationship with these parts of yourself in a safe beginner friendly atmosphere!,Workshop,Yes!,,,Dome,2026-07-07,18:00,60,No,1,Approved,2026-06-05 18:08:21,Charlie
cc73291d-250d-4ff5-8722-f7de05669412,Sensual Goddess Playground,"What happens when women give each other permission to be fully sensual? Join us for a playful contact dance journey where movement becomes flirtation with life itself. We’ll shed the “good girl,” awaken our senses, explore desire, pleasure, softness, power, and expression through music, touch, and dance. Within a safe container, we’ll celebrate the wild, magnetic goddess within- and discover how one woman’s freedom gives every woman permission to",Adults,Jugaton,,,Jugaton Salon,2026-07-07,18:00,90,No,1,Approved,2026-06-08 08:59:30,Tal
b99d6074-243f-4620-b7ef-ac361baa3677,The whipped cream Olympics,"Whipped Cream is amazing, tasty, foamy and also very playful ! Several sprays, several teams, one goal: winning the Olympics and eating a quite right amount of cream! Lactose free option available.",Food and drink,Desert Dessert,,,,2026-07-07,18:00,120,No,1,Approved,2026-06-06 23:57:52,"Kevinou, Pi"
488fc368-246a-4986-a230-7f34f6fd923b,The Connection Game,"Because connection is what makes life meaningful, we will use this game as a way to meet and connect. There are only two rules:
1) No one does anything they don’t want to do
2) WE make up the rules!",Workshop,Ran'Dome®,,,Big Dôme,2026-07-07,18:00,60,No,1,Approved,2026-06-07 21:11:20,Lolo
29235ce7-bb47-45e6-bc68-21d54c80639f,The Epic Speech Platform,"The microphone is in your hand, the crowd is ready. As the words leave your mouth, to a background of the most epic movie soundtracks, you feel the rush of glory: the crowd is going wild, in an ecstasy of cheering, for whatever the fuck you want to say. 
Come experience the most epic hour of Nowhere. Say anything you want. We will cheer you.",Other,ÜBERFIASCO,,,Überfiasco,2026-07-07,18:00,60,No,1,Approved,2026-06-09 13:56:56,Jack Fiasco
116f428d-e549-4c73-9438-ec519f693eb5,"Say the Feeling, Drop the Blame","A Practical Method for the Avoidance of Spirals of Mutual Blame, Founded Upon the Honest Expression of One’s Feelings, and Demonstrated Through Exercises and the Examination of Particular Cases, after the Works of Marshall Rosenberg. 
In this Nonviolent Communication (NVC) workshop, we'll practice expressing ourselves so we're better heard, talking about difficult things without hurting each other even more...",Workshop,sssh!,,,sssh! Dome,2026-07-07,18:30,90,No,1,Approved,2026-06-04 13:18:25,Dmytro
9d0fc88d-c2da-4fb5-a48f-4b7b3efcdd23,Humen buffet,"Have you ever fantasized about becoming the manu? Becoming a mouthwatering fruit, or being used as a cheese platter? Maybe your late-night fantasies involve being covered in whipped cream while people indulge you?
Or are you the snacky one- craving a bite out of naked bodies?
If so, grab a shower(!) and come indulging in the Garden of Joy style buffet!",Adults,Garden of Joy,,,Garden of Joy,2026-07-07,18:30,90,No,1,Approved,2026-06-08 18:31:32,Shushu
ec943cc7-012a-4711-a474-71daf72f61f9,Hack Your Kink,"Make everyday items into kinky toys! Got ideas, materials, or tools? Bring 'em along! All are welcome, from IKEA mods to hardware store items and whatever you find in your kitchen. We'll exchange ideas and make some kinky toys ourselves. Tools provided.",Adults,Come & Play,,,Open Space,2026-07-07,19:00,60,No,1,Approved,2026-06-05 21:26:52,Foxxy
4f8ea82f-b5d7-4280-ad47-4469a3ba5deb,Bad bad bunny,Sick of those esthetic-instagram-lookatmybutt shibari workshops ? But you still love the hemp ? You like being toppled but this is supposed to be earned ? This workshop is for you. Your typical escape shibari workshop: come and be your worst bunny. Bring your own rope.,Adults,Come & Play,,,Thunderdome,2026-07-07,19:00,60,No,1,Approved,2026-06-05 21:26:52,Prosper
b5fc9014-4af8-493b-94bb-acb730c43cc2,Open Mic,"Would you like to share something with an audience? A banjo song, your favourite poem, a riveting experience? A juggling act or a breathing exercise? Anything goes! Come share your talents with us at MoN's Open Mic!",Chillout,,MoE - Middle of Elsewhere,Ania,,2026-07-07,19:00,60,Yes,0,Approved,2026-06-08 13:35:37,
b5fc9014-4af8-493b-94bb-acb730c43cc2,Open Mic,"Would you like to share something with an audience? A banjo song, your favourite poem, a riveting experience? A juggling act or a breathing exercise? Anything goes! Come share your talents with us at MoN's Open Mic!",Chillout,,MoE - Middle of Elsewhere,Ania,,2026-07-08,19:00,60,Yes,0,Approved,2026-06-08 13:35:37,
b5fc9014-4af8-493b-94bb-acb730c43cc2,Open Mic,"Would you like to share something with an audience? A banjo song, your favourite poem, a riveting experience? A juggling act or a breathing exercise? Anything goes! Come share your talents with us at MoN's Open Mic!",Chillout,,MoE - Middle of Elsewhere,Ania,,2026-07-10,19:00,60,Yes,0,Approved,2026-06-08 13:35:37,
e498ebad-0159-40f5-b076-e7bf441efc83,The Haphazard Eatery ,"As if life isn't random enough we bring you ""the Haphazard Eatery"".
Don't find us, we'll find you. Bring an open mind and an empty stomach. We'll serve the rest.",Food and drink,,Somewhere on the Playa,Inge,,2026-07-07,19:00,120,Yes,0,Approved,2026-06-08 19:29:13,Team Nomade
e498ebad-0159-40f5-b076-e7bf441efc83,The Haphazard Eatery ,"As if life isn't random enough we bring you ""the Haphazard Eatery"".
Don't find us, we'll find you. Bring an open mind and an empty stomach. We'll serve the rest.",Food and drink,,Somewhere on the Playa,Inge,,2026-07-09,19:00,120,Yes,0,Approved,2026-06-08 19:29:13,Team Nomade
222d0386-73db-4335-9488-a2edd4431dd6,JamHouse presents MOON (feat. open jam),We kick it off with a (suprisingly) rehersed set of Barcelona based band Matter Out of Nowhere (M.O.O.N). Then a bit of open jam for people to join,Party,JamHouse,,,,2026-07-07,20:00,120,No,1,Approved,2026-06-08 07:40:24,Frank
56a2df3d-67c8-4cd0-bef2-d16a3f4efb10,Role fluid Salsa dancing!,"Are you an absolute beginner in Salsa? Have you ever dreamed of trying but always been too shy? Have always been a leader/follower and would love to try the other role? Then this workshop is for you!  We are gonna teach the basics of salsa from scratch and then put it together in a nice and fun circle that is called Rueda de Casino :) Everybody is welcome, no previous experience needed!",Workshop,Curious Creatures,,,Curious Creatures - Dome,2026-07-07,20:15,60,No,1,Approved,2026-06-08 10:24:04,Daniel G and Ropesfairy
00bb597b-dc45-4ee3-9fe3-a1d60b360440,Relaxed Yoga,"Yin Yoga for the most relaxed dusty creatures. Use whatever you like to become as much relaxed as possible before you come. BYO mats!

Join us for a 40-minute relaxation session as we stretch our muscles into all sorts of unique poses! Musicians are highly welcome to come play live music and set the vibe.",Workshop,Herding Cats,,,Herding Cats Camp,2026-07-07,20:30,60,No,1,Approved,2026-06-01 15:21:18,Mariana
56de1ca7-0f27-4e50-851e-6bf2de11da9a,Barrio del Cambio Party,What do neighbours do on a first date? They throw a double-camp PARTYYY!! Join us and meet the monster baby created by the wild collaboration between Barrio del Sol and Camp Cambio! We'll start at Barrio del Sol (20:30 - 22:30) and then Camp Cambio (22:30-00:30). ,Party,Barrio del Sol,,,,2026-07-07,20:30,240,No,1,Approved,2026-06-06 20:44:35,
a570d843-38bc-4ee2-9296-24f2e1458732,Live ASMR,"Have you ever wondered whether you can experience ASMR in real life? Well, your next adventure awaits! Join for cozy, small-group sessions where we dive into the possibilities of live ASMR. Let's experiment with sounds, share the relaxation, and discover whether we can make each other tingle.",Adults,Curious Creatures,,,Curious Creatures - Mansion,2026-07-07,20:30,60,No,1,Approved,2026-06-08 22:57:33,Dafne and Jonsi
54ffe2df-1c0a-4417-afa9-f4b783b04483,Open stage & micro dancefloor,"Every night from 9pm to 1am.

Step into the cocoon of the Heptagon Tropicool and come perform in an intimate, warm atmosphere. 
DJs, singers, storytellers, musicians... all performances are welcome.

No line up,  no pressure, just show up.",Party,,Heptagon Tropicool,Massaï,Heptagon Tropicool ,2026-07-07,21:00,240,Yes,0,Approved,2026-05-23 17:16:20,Massaï
54ffe2df-1c0a-4417-afa9-f4b783b04483,Open stage & micro dancefloor,"Every night from 9pm to 1am.

Step into the cocoon of the Heptagon Tropicool and come perform in an intimate, warm atmosphere. 
DJs, singers, storytellers, musicians... all performances are welcome.

No line up,  no pressure, just show up.",Party,,Heptagon Tropicool,Massaï,Heptagon Tropicool ,2026-07-08,21:00,240,Yes,0,Approved,2026-05-23 17:16:20,Massaï
54ffe2df-1c0a-4417-afa9-f4b783b04483,Open stage & micro dancefloor,"Every night from 9pm to 1am.

Step into the cocoon of the Heptagon Tropicool and come perform in an intimate, warm atmosphere. 
DJs, singers, storytellers, musicians... all performances are welcome.

No line up,  no pressure, just show up.",Party,,Heptagon Tropicool,Massaï,Heptagon Tropicool ,2026-07-09,21:00,240,Yes,0,Approved,2026-05-23 17:16:20,Massaï
54ffe2df-1c0a-4417-afa9-f4b783b04483,Open stage & micro dancefloor,"Every night from 9pm to 1am.

Step into the cocoon of the Heptagon Tropicool and come perform in an intimate, warm atmosphere. 
DJs, singers, storytellers, musicians... all performances are welcome.

No line up,  no pressure, just show up.",Party,,Heptagon Tropicool,Massaï,Heptagon Tropicool ,2026-07-10,21:00,240,Yes,0,Approved,2026-05-23 17:16:20,Massaï
54ffe2df-1c0a-4417-afa9-f4b783b04483,Open stage & micro dancefloor,"Every night from 9pm to 1am.

Step into the cocoon of the Heptagon Tropicool and come perform in an intimate, warm atmosphere. 
DJs, singers, storytellers, musicians... all performances are welcome.

No line up,  no pressure, just show up.",Party,,Heptagon Tropicool,Massaï,Heptagon Tropicool ,2026-07-11,21:00,240,Yes,0,Approved,2026-05-23 17:16:20,Massaï
54ffe2df-1c0a-4417-afa9-f4b783b04483,Open stage & micro dancefloor,"Every night from 9pm to 1am.

Step into the cocoon of the Heptagon Tropicool and come perform in an intimate, warm atmosphere. 
DJs, singers, storytellers, musicians... all performances are welcome.

No line up,  no pressure, just show up.",Party,,Heptagon Tropicool,Massaï,Heptagon Tropicool ,2026-07-12,21:00,240,Yes,0,Approved,2026-05-23 17:16:20,Massaï
39f2c7e9-dde2-4b8a-940b-a23bf75f8fcb,Sunset happy hour boogie,Come have a fruity drink and dance to the tunes of our fabulous DJ! Dare the bartenders to a silly drinking game with the sunset on the background. Boogie with golden hour taking over the playa.,Food and drink,EYAO,,,Eat Your Art Out,2026-07-07,21:00,90,Yes,2,Approved,2026-05-27 09:00:09,EYAO bar & dancefloor
39f2c7e9-dde2-4b8a-940b-a23bf75f8fcb,Sunset happy hour boogie,Come have a fruity drink and dance to the tunes of our fabulous DJ! Dare the bartenders to a silly drinking game with the sunset on the background. Boogie with golden hour taking over the playa.,Food and drink,EYAO,,,Eat Your Art Out,2026-07-08,21:00,90,Yes,2,Approved,2026-05-27 09:00:09,EYAO bar & dancefloor
39f2c7e9-dde2-4b8a-940b-a23bf75f8fcb,Sunset happy hour boogie,Come have a fruity drink and dance to the tunes of our fabulous DJ! Dare the bartenders to a silly drinking game with the sunset on the background. Boogie with golden hour taking over the playa.,Food and drink,EYAO,,,Eat Your Art Out,2026-07-10,21:00,90,Yes,2,Approved,2026-05-27 09:00:09,EYAO bar & dancefloor
39f2c7e9-dde2-4b8a-940b-a23bf75f8fcb,Sunset happy hour boogie,Come have a fruity drink and dance to the tunes of our fabulous DJ! Dare the bartenders to a silly drinking game with the sunset on the background. Boogie with golden hour taking over the playa.,Food and drink,EYAO,,,Eat Your Art Out,2026-07-11,21:00,90,Yes,2,Approved,2026-05-27 09:00:09,EYAO bar & dancefloor
5925340e-fdb0-48fb-8e46-35d76769c5d6,Cabaret of strangers ,"The performers are already here. You just don't know who they are yet.
""""Cabaret of strangers""""  is an immersive night where the dancefloor is the stage. Hidden among the crowd, performers are waiting for their moment — and when it comes, the music shifts, the space transforms, and something unexpected takes over.
No announcements. No curtain. Dance. Watch. Or become part of it.
",Party,Barrio Espace,,,VIP ,2026-07-07,21:00,120,No,1,Approved,2026-06-03 20:09:47,
71adc5be-9008-4285-9df7-640290fc7585,Cultural appropriation,"Good artists copy, great artists steal. Come with us in a journey of ""discovery"" around Elsewhere. All of the resulting appropriated culture will be donated to the British Museum. 
",Workshop,Planet Pulpo,,,Start at Planet Pulpo,2026-07-07,21:00,120,Yes,1,Approved,2026-06-26 09:15:57,Rodrigo
71adc5be-9008-4285-9df7-640290fc7585,Cultural appropriation,"Good artists copy, great artists steal. Come with us in a journey of ""discovery"" around Elsewhere. All of the resulting appropriated culture will be donated to the British Museum. 
",Workshop,Planet Pulpo,,,Start at Planet Pulpo,2026-07-09,21:00,120,Yes,1,Approved,2026-06-26 09:15:57,Rodrigo
c102103f-bcab-493d-acd2-02d57252e65d,PINK Party! ,"Paint the town pink with us! Start Elsewhere as you mean to go on and join us to shake off the default world at our playful Jugaton dreamland party. Put on your rose-tinted spectacles, grab a pink drink, and find your inner bubblegum with music to shake your flamingo tail feathers to, tutti-fruity conversations, and cotton-candy sweetness. Pink outfits are encouraged. Come get tickled pink—we might even make you blush... ",Party,Jugaton,,,Jugaton Salon,2026-07-07,21:00,240,No,1,Approved,2026-06-08 21:43:43,Jugaton Crew
40526de3-04a0-41e3-ab2d-ffe6475d038d,No Elephants Night,"A night out at Elsewhere starts at Glitch! And so should your burn. Stumble into our little black tent for a night of fine French techno mixed with questionable life choices. Rated 4 out of 5 stars by Barrio Review because “they lack a bar and should play psytrance,” we're proudly doubling down on our shortcomings and working toward our well-deserved 3-star review in 2027.  As always only one rule applies: Strictly no Elephants",Party,Glitch,,,,2026-07-07,21:00,240,No,1,Approved,2026-06-09 17:14:40,Kinkyzounours
e70208e6-9731-4221-9782-1f5ff5ae53dd,Sunset Slow Dance & Sangria,"Sunset is at 21:38. Join us at 21:15 (M, T, F) to welcome the night while slow dancing, and sipping Sangria ... and meet your fellow LOVEBOX participants for chatting, dancing, and sipping Sangria. We are in a Freecamp between Here and Meow and Peach Please - watch out for the Lovebox sign. Open to all.",Chillout,,Somewhere on the Playa,Eric,Freecamp between Here and Meow and Peach Please. Watch out for the Lovebox sign.,2026-07-07,21:15,45,Yes,0,Approved,2026-06-07 12:13:06,The Loveboxies
e70208e6-9731-4221-9782-1f5ff5ae53dd,Sunset Slow Dance & Sangria,"Sunset is at 21:38. Join us at 21:15 (M, T, F) to welcome the night while slow dancing, and sipping Sangria ... and meet your fellow LOVEBOX participants for chatting, dancing, and sipping Sangria. We are in a Freecamp between Here and Meow and Peach Please - watch out for the Lovebox sign. Open to all.",Chillout,,Somewhere on the Playa,Eric,Freecamp between Here and Meow and Peach Please. Watch out for the Lovebox sign.,2026-07-08,21:15,45,Yes,0,Approved,2026-06-07 12:13:06,The Loveboxies
e70208e6-9731-4221-9782-1f5ff5ae53dd,Sunset Slow Dance & Sangria,"Sunset is at 21:38. Join us at 21:15 (M, T, F) to welcome the night while slow dancing, and sipping Sangria ... and meet your fellow LOVEBOX participants for chatting, dancing, and sipping Sangria. We are in a Freecamp between Here and Meow and Peach Please - watch out for the Lovebox sign. Open to all.",Chillout,,Somewhere on the Playa,Eric,Freecamp between Here and Meow and Peach Please. Watch out for the Lovebox sign.,2026-07-10,21:15,45,Yes,0,Approved,2026-06-07 12:13:06,The Loveboxies
778d2dea-11f1-4f9c-83ea-53185c11fabe,Sunset Slow Dance & Sangria ,"Sunset is at 21:38. Join us at 21:15 (M, T, F) to welcome the night while slow dancing, and sipping Sangria ... and meet your fellow LOVEBOX participants for chatting, dancing, and sipping Sangria. We are in Calisto Freecamp next to Peach Please - watch out for the Lovebox sign. Open to all.",Chillout,,Somewhere on the Playa,Eric,Calisto Freecamp next to Peach Please. Watch out for the Lovebox sign.,2026-07-07,21:15,45,Yes,0,Approved,2026-06-29 15:06:51,The Loveboxies
778d2dea-11f1-4f9c-83ea-53185c11fabe,Sunset Slow Dance & Sangria ,"Sunset is at 21:38. Join us at 21:15 (M, T, F) to welcome the night while slow dancing, and sipping Sangria ... and meet your fellow LOVEBOX participants for chatting, dancing, and sipping Sangria. We are in Calisto Freecamp next to Peach Please - watch out for the Lovebox sign. Open to all.",Chillout,,Somewhere on the Playa,Eric,Calisto Freecamp next to Peach Please. Watch out for the Lovebox sign.,2026-07-08,21:15,45,Yes,0,Approved,2026-06-29 15:06:51,The Loveboxies
778d2dea-11f1-4f9c-83ea-53185c11fabe,Sunset Slow Dance & Sangria ,"Sunset is at 21:38. Join us at 21:15 (M, T, F) to welcome the night while slow dancing, and sipping Sangria ... and meet your fellow LOVEBOX participants for chatting, dancing, and sipping Sangria. We are in Calisto Freecamp next to Peach Please - watch out for the Lovebox sign. Open to all.",Chillout,,Somewhere on the Playa,Eric,Calisto Freecamp next to Peach Please. Watch out for the Lovebox sign.,2026-07-10,21:15,45,Yes,0,Approved,2026-06-29 15:06:51,The Loveboxies
46c64c55-c28b-4367-900e-42f67a05f437,CC Opening Party,"Join us for the Curious Creatures opening party! Dance on the dust, enjoy the DJs on the tower, and let the first beats of the week wake up your beautiful creature body. Open bar, sunset magic, spectacular lights, and a warm welcome to our mansion at the beginning of a very curious week.",Party,Curious Creatures,,,Curious Creatures Towers,2026-07-07,21:15,285,No,1,Approved,2026-06-08 23:05:07,Curious Creatures
53b5d6e2-3f3b-4f20-a30d-ab2f10a6bb86,Love Painting,"Express yourself on a body before the party. All parts you want! 
 We bring biodegradable paint. Find a partner before or in the Dome.",Adults,sssh!,,,sssh! Dome,2026-07-07,21:30,90,No,1,Approved,2026-06-04 13:19:11,"Matthieu, Nini, Jo"
83972b6c-2cd8-4b32-94c6-21d82c9f0da6,Trampoline Jump & Flames,"Jump on the trampoline, show us your coolest moves and send off some flames from the poofers!
We'll start some after dark (~22:00ish) until we run out of propane for the night. Depending on weather on 3-4 nights over the week only.",Other,,Flaming Trampoline,Ole,,2026-07-07,22:00,120,Yes,0,Approved,2026-06-02 22:14:53,The Flaming Trampoline Engineers
83972b6c-2cd8-4b32-94c6-21d82c9f0da6,Trampoline Jump & Flames,"Jump on the trampoline, show us your coolest moves and send off some flames from the poofers!
We'll start some after dark (~22:00ish) until we run out of propane for the night. Depending on weather on 3-4 nights over the week only.",Other,,Flaming Trampoline,Ole,,2026-07-08,22:00,120,Yes,0,Approved,2026-06-02 22:14:53,The Flaming Trampoline Engineers
83972b6c-2cd8-4b32-94c6-21d82c9f0da6,Trampoline Jump & Flames,"Jump on the trampoline, show us your coolest moves and send off some flames from the poofers!
We'll start some after dark (~22:00ish) until we run out of propane for the night. Depending on weather on 3-4 nights over the week only.",Other,,Flaming Trampoline,Ole,,2026-07-09,22:00,120,Yes,0,Approved,2026-06-02 22:14:53,The Flaming Trampoline Engineers
83972b6c-2cd8-4b32-94c6-21d82c9f0da6,Trampoline Jump & Flames,"Jump on the trampoline, show us your coolest moves and send off some flames from the poofers!
We'll start some after dark (~22:00ish) until we run out of propane for the night. Depending on weather on 3-4 nights over the week only.",Other,,Flaming Trampoline,Ole,,2026-07-10,22:00,120,Yes,0,Approved,2026-06-02 22:14:53,The Flaming Trampoline Engineers
83972b6c-2cd8-4b32-94c6-21d82c9f0da6,Trampoline Jump & Flames,"Jump on the trampoline, show us your coolest moves and send off some flames from the poofers!
We'll start some after dark (~22:00ish) until we run out of propane for the night. Depending on weather on 3-4 nights over the week only.",Other,,Flaming Trampoline,Ole,,2026-07-11,22:00,120,Yes,0,Approved,2026-06-02 22:14:53,The Flaming Trampoline Engineers
83972b6c-2cd8-4b32-94c6-21d82c9f0da6,Trampoline Jump & Flames,"Jump on the trampoline, show us your coolest moves and send off some flames from the poofers!
We'll start some after dark (~22:00ish) until we run out of propane for the night. Depending on weather on 3-4 nights over the week only.",Other,,Flaming Trampoline,Ole,,2026-07-12,22:00,120,Yes,0,Approved,2026-06-02 22:14:53,The Flaming Trampoline Engineers
3ec190b8-aa04-4ae9-ae4f-474b29bfdc23,Rejection orgy,"One game master, many contenders. Each round, the circle shrinks. Being rejected is part of the ritual: graceful, human, even beautiful. Come visit the gates of Yes! Get rejected without shame or find out who remains when the smoke clears… Bring a towel!",Workshop,Yes!,,,Dome,2026-07-07,22:00,120,No,1,Approved,2026-06-05 18:08:21,Dirty Dancer
11614323-ceb9-40ef-b5a3-a1e6533d208a,Betriebsferien,Not today for nobody are we closed.,Party,Desert Dessert,,,,2026-07-07,22:00,480,Yes,1,Approved,2026-06-07 00:13:57,Svan Merquardt
11614323-ceb9-40ef-b5a3-a1e6533d208a,Betriebsferien,Not today for nobody are we closed.,Party,Desert Dessert,,,,2026-07-09,22:00,480,Yes,1,Approved,2026-06-07 00:13:57,Svan Merquardt
222c37cc-f6a3-428d-9480-7740990f4f48,Men Play Wome Watch,"Let your inner voyeur and exhibitionist side free for this new version of MPWM (tm): men* have a dedicated playspace, women* have a peep show, but no mixed play :) All are invited, toys included",Adults,Come & Play,,,Thunderdome,2026-07-07,22:00,90,No,1,Approved,2026-06-05 21:26:52,Come & Play
0e6672e4-fc48-4d6a-811f-958aba288f18,Through the skin,"Engage in a collective tactile exploration through the skin. Without sight nor hands, we will open our senses to connect, guided only by our perceptions. Starting from contact improvisation and authentic movement, immerse in a collective dance. If we then move towards shared pleasure among the whole group, it will be pure chance.",Adults,Come & Play,,,Open Space,2026-07-07,22:00,90,No,1,Approved,2026-06-10 12:17:21,Lila
54e73847-0d04-4f80-a499-726456209955,Rüber’Town’s Opening Party,"Did your usual church collapse under its own updates, subscriptions, and surge-priced salvation tiers? Be relieved: the Church of Rüber'Town is rising for lost souls*.
Congregants will celebrate the Post-Apocalyptic Chaos with deep bass and booze.
Warning: this is not a cült.
*GDPR compliance required upon entry.",Party,Ran'Dome®,,,Ran'dôme,2026-07-07,22:00,480,No,1,Approved,2026-06-07 21:13:33,Ran'dôme team
488381ed-c94d-466b-96ea-ee409ed8b45c,Orgy: Queerious,"Feeling Queerious? Come explore in a soft, welcoming space for anyone discovering their queerness. We start slow — grounding and gentle connection — so you can relax, meet cuties, and feel your way into the vibe. No pressure, no 'queer enough' test: just curiosity, consent, and community as energy builds toward something playful and spicy. First time or just looking for something slower — all are welcome.",Adults,Peach Please,,,Dome,2026-07-07,22:00,180,No,1,Approved,2026-06-08 11:42:32,Miriam & Cupcake
acc611bc-caca-4b9d-889f-0d947666331e,Matriarchal Orgy,"Here, women, and people subjected to sexism, take power. They choose, lead and set the rhythm. Men become objects of desire, devoted to their pleasure, their rules and their desires.
A collective, sensual and consensual space where femx domination reigns. Sexuality is allowed, never mandatory.

Requirements
Having participated to consent workshops.
Identify and communicate your limits.
Absolute respect for consent and everyone’s boundaries.",Adults,Le Gratin,,,Playroom,2026-07-07,22:30,180,No,1,Approved,2026-06-07 16:41:54,Maitresse Leona 
b5fbfd82-9dc0-4742-ad45-4d4241983983,Sensual reconnection,"Want to add a little softness and spark to your intimacy? In a warm, friendly, and sensual atmosphere, explore new soft ways to connect and delight your partner. For couples only.",Adults,sssh!,,,sssh! Dome,2026-07-07,23:00,90,No,1,Approved,2026-06-04 13:20:02,Mike
390a9a22-2f45-4615-adac-afa191a345b5,Welcome to the Nest,"A temporary sanctuary woven from sound, connection, and shared energy. Nestled among deep downtempo grooves, organic rhythms, and immersive melodies, this is a place to land, unwind, and reconnect. A warm cocoon where strangers become companions, time slows down, and the music gently carries us together through the night.",Party,Glowy Owl,,,,2026-07-07,23:00,300,No,1,Approved,2026-06-08 21:22:54,Glowy Owl
829f52da-788b-42cb-afff-b631d19d9532,The Psychedelic Porn Cinema,"Hidden in our playroom, you'll find the only cinema on the playa. Our projectionist has turned to a timeless selection of sleaze delivered with a very trippy twist. Take a seat and come along for a wild ride through 100+ years of adult entertainment. From pre-Disney dark animation, through vintage loops, to the kinky and queer creations of today. In between, you might find full-length feature or a spontaneous live show!",Adults,Glitch,,,,2026-07-08,23:00,420,Yes,1,Approved,2026-06-09 17:42:47,T. B. Deep & FarmaCum
829f52da-788b-42cb-afff-b631d19d9532,The Psychedelic Porn Cinema,"Hidden in our playroom, you'll find the only cinema on the playa. Our projectionist has turned to a timeless selection of sleaze delivered with a very trippy twist. Take a seat and come along for a wild ride through 100+ years of adult entertainment. From pre-Disney dark animation, through vintage loops, to the kinky and queer creations of today. In between, you might find full-length feature or a spontaneous live show!",Adults,Glitch,,,,2026-07-09,23:00,420,Yes,1,Approved,2026-06-09 17:42:47,T. B. Deep & FarmaCum
829f52da-788b-42cb-afff-b631d19d9532,The Psychedelic Porn Cinema,"Hidden in our playroom, you'll find the only cinema on the playa. Our projectionist has turned to a timeless selection of sleaze delivered with a very trippy twist. Take a seat and come along for a wild ride through 100+ years of adult entertainment. From pre-Disney dark animation, through vintage loops, to the kinky and queer creations of today. In between, you might find full-length feature or a spontaneous live show!",Adults,Glitch,,,,2026-07-10,23:00,420,Yes,1,Approved,2026-06-09 17:42:47,T. B. Deep & FarmaCum
829f52da-788b-42cb-afff-b631d19d9532,The Psychedelic Porn Cinema,"Hidden in our playroom, you'll find the only cinema on the playa. Our projectionist has turned to a timeless selection of sleaze delivered with a very trippy twist. Take a seat and come along for a wild ride through 100+ years of adult entertainment. From pre-Disney dark animation, through vintage loops, to the kinky and queer creations of today. In between, you might find full-length feature or a spontaneous live show!",Adults,Glitch,,,,2026-07-11,23:00,420,Yes,1,Approved,2026-06-09 17:42:47,T. B. Deep & FarmaCum
5c829c0e-15c0-4a04-8a19-7162599d45fe,Morning Crêpes and Mimosa ,"The night fades, the sun rises over the dust, and it's time to gather around one of life's greatest pleasures: crêpes and mimosas.

Join us for two hours of delicious crêpes, sparkling mimosas, and easy morning connections with fellow burners. Whether you're fresh from sunrise adventures or slowly returning from the night before, come share stories, laughter, and a moment of simple joy before the day unfolds.",Food and drink,Pink Poney Paradise,,,,2026-07-08,06:00,90,No,1,Approved,2026-06-07 13:45:10,Pat and Co
e81913a2-f616-4895-b501-8929403bba94,Morning silent meditation,"Find your sanctuary in the dust with an hour of collective silence. This non-guided session is perfect for your personal practice (Vipassana, Anapana, Jhana) or for those simply seeking stillness. To respect the shared immersion, we avoid noisy breathing or any disturbances. Just enter, sit, and be.",Spiritual / Healing,sssh!,,,sssh! Dome,2026-07-08,08:00,60,Yes,1,Approved,2026-06-04 13:43:36,Gaspard
e81913a2-f616-4895-b501-8929403bba94,Morning silent meditation,"Find your sanctuary in the dust with an hour of collective silence. This non-guided session is perfect for your personal practice (Vipassana, Anapana, Jhana) or for those simply seeking stillness. To respect the shared immersion, we avoid noisy breathing or any disturbances. Just enter, sit, and be.",Spiritual / Healing,sssh!,,,sssh! Dome,2026-07-10,08:00,60,Yes,1,Approved,2026-06-04 13:43:36,Gaspard
e81913a2-f616-4895-b501-8929403bba94,Morning silent meditation,"Find your sanctuary in the dust with an hour of collective silence. This non-guided session is perfect for your personal practice (Vipassana, Anapana, Jhana) or for those simply seeking stillness. To respect the shared immersion, we avoid noisy breathing or any disturbances. Just enter, sit, and be.",Spiritual / Healing,sssh!,,,sssh! Dome,2026-07-12,08:00,60,Yes,1,Approved,2026-06-04 13:43:36,Gaspard
7ce76e38-8d6d-4a7f-b998-055d74ba2b46,IFS Therapy,"Back again in 2026 - Need a quick mental / emotional check-in? Interested in learning a research-backed psychotherapeutic technique that you can practice on yourself? A trained IFS (Internal Family Systems) practitioner is available for 1-1, guided meditation sessions to help you ease emotional tension, clarify internal confusion, and cultivate greater self-compassion. Come by the camp to inquire or sign up.",Spiritual / Healing,Bread & Tomato,,,,2026-07-08,09:00,120,Yes,1,Approved,2026-05-26 19:19:26,Ben D / Roshi
7ce76e38-8d6d-4a7f-b998-055d74ba2b46,IFS Therapy,"Back again in 2026 - Need a quick mental / emotional check-in? Interested in learning a research-backed psychotherapeutic technique that you can practice on yourself? A trained IFS (Internal Family Systems) practitioner is available for 1-1, guided meditation sessions to help you ease emotional tension, clarify internal confusion, and cultivate greater self-compassion. Come by the camp to inquire or sign up.",Spiritual / Healing,Bread & Tomato,,,,2026-07-09,09:00,120,Yes,1,Approved,2026-05-26 19:19:26,Ben D / Roshi
7ce76e38-8d6d-4a7f-b998-055d74ba2b46,IFS Therapy,"Back again in 2026 - Need a quick mental / emotional check-in? Interested in learning a research-backed psychotherapeutic technique that you can practice on yourself? A trained IFS (Internal Family Systems) practitioner is available for 1-1, guided meditation sessions to help you ease emotional tension, clarify internal confusion, and cultivate greater self-compassion. Come by the camp to inquire or sign up.",Spiritual / Healing,Bread & Tomato,,,,2026-07-10,09:00,120,Yes,1,Approved,2026-05-26 19:19:26,Ben D / Roshi
5fb57549-1561-47c9-9be1-5b519d003043,Origami Lampions,Origami Paper Lights making ,Workshop,Ran'Dome®,,,Saloon,2026-07-08,09:00,240,No,1,Approved,2026-06-07 20:52:32,Victeur
14143954-6343-498d-b772-018e288035f2,Tea ceremony,"Enjoy and embrace the meditative present moment with finely selected Pu er tea, coming back to our bodies and mother earth.",Adults,sssh!,,,sssh! Dome,2026-07-08,09:00,60,No,1,Approved,2026-06-04 13:44:12,Ying
0719352e-b2c6-4270-ac86-5e7f09d92b5f,Guided Silent Meditation ,Come to ground a bit before flying again. Seated meditation. All levels. Beginners welcome. ,Workshop,Here & Meow,,,Beduina,2026-07-08,09:00,30,No,1,Approved,2026-06-04 19:11:55,Morgan Rosario
5e2924e8-5b12-4551-8a1d-d728c3266e96,Taller de Body Paint con aerografía y pincel ,"Explicación del funcionamiento del aerógrafo y tipos CD de pintura . Diseño colectivo a maquillar en el cuerpo de cada modelo . Distribución de tareas y muestra final .
Afore : 2 modelos y 6 personas por modelo en total 14 personas máximo 20. En español",Workshop,NoBarrio,,,NoBarrio,2026-07-08,09:00,180,No,1,Approved,2026-06-08 17:44:20,Rafa
3fe82765-7615-457f-aa43-bb97ed0b1eb6,Elsew...at? No way! WTF is going on?!,"This is a session for all longtime Nobodies and new Elsebodies who are somewhat confused about what is happening with our beloved event.
We will talk about the new underlying structure, how to better participate to keep the event going and what it all means for the future of this dusty and important place in our lives.
There will be punch and pi",Other,,MoE - Middle of Elsewhere,Ania,,2026-07-08,10:00,60,No,0,Approved,2026-06-02 16:56:55,Shitshow
3ca5e201-16c9-42d5-a97f-ab7ff58850ed,"Muscles, Hands, and Trigger Points.","A beginner's introduction to palpating muscles under varying degrees of tension.
 
How do muscles run and how do I massage them comfortably? What are trigger points and how do I find them? And how can I massage them?
 
 Bring a towel or other mat. You can stay and practice for 1h extra after the workshop.",Adults,sssh!,,,sssh! Dome,2026-07-08,10:00,120,No,1,Approved,2026-06-04 13:45:05,Raffael
f1ada340-926e-4d07-a6ec-881a4d384cc5,How to make your barrio more inclusive?,"This workshop will be led by the inclusion team of Elsewhere. We will provide tips and tricks on how we can step up as barrios to make people feel more at home. You're welcome to bring your cases also. Welcome to everyone, candy for campleads that free up their time to come share and learn! Maybe you can try to implement some little things this burn already aaaah!
",Workshop,EYAO,,,Eat Your Art Out,2026-07-08,10:00,90,No,1,Approved,2026-06-06 23:17:16,Tilke & Inclusion Team
f548157c-5317-45e4-90b1-5cc1f90b96e2,Wood and wool crafting,"With some knives and crochet that I share, you'll be able to have fun to make your own spoon or sculpt anything else that makes you happy! And try the art of crochet to be, one day, able to make your own costume..! :)",Workshop,Planet Resilium,,,,2026-07-08,10:00,120,Yes,1,Approved,2026-06-07 13:09:17,Nini
f548157c-5317-45e4-90b1-5cc1f90b96e2,Wood and wool crafting,"With some knives and crochet that I share, you'll be able to have fun to make your own spoon or sculpt anything else that makes you happy! And try the art of crochet to be, one day, able to make your own costume..! :)",Workshop,Planet Resilium,,,,2026-07-09,10:00,120,Yes,1,Approved,2026-06-07 13:09:17,Nini
f548157c-5317-45e4-90b1-5cc1f90b96e2,Wood and wool crafting,"With some knives and crochet that I share, you'll be able to have fun to make your own spoon or sculpt anything else that makes you happy! And try the art of crochet to be, one day, able to make your own costume..! :)",Workshop,Planet Resilium,,,,2026-07-10,10:00,120,Yes,1,Approved,2026-06-07 13:09:17,Nini
c8d3d792-7471-4062-b7bf-682ca014aa71,Ashtanga-Inspired Yoga,Come and share my rusty Ashtanga practice. Feel free to co-host with me,Workshop,Camp Cambio,,,,2026-07-08,10:00,60,No,1,Approved,2026-06-07 23:38:18,Cristina
c4dee69c-b593-4bc1-b4d5-7cd21e7744e8,"Stay Wild, Stay Caffeinated",Stumble out of your sleeping bag and follow the scent of fresh brew over to Olive Odyssey for your morning cup of life! Bring your favorite dusty mug and a morning hug—we've got the hot coffee and warm vibes to kickstart your beautiful day on the playa.,Food and drink,Olive Odyssey,,,,2026-07-08,10:30,90,Yes,1,Approved,2026-06-04 21:01:06,Olive Odyssey Camp
c4dee69c-b593-4bc1-b4d5-7cd21e7744e8,"Stay Wild, Stay Caffeinated",Stumble out of your sleeping bag and follow the scent of fresh brew over to Olive Odyssey for your morning cup of life! Bring your favorite dusty mug and a morning hug—we've got the hot coffee and warm vibes to kickstart your beautiful day on the playa.,Food and drink,Olive Odyssey,,,,2026-07-09,10:30,90,Yes,1,Approved,2026-06-04 21:01:06,Olive Odyssey Camp
c4dee69c-b593-4bc1-b4d5-7cd21e7744e8,"Stay Wild, Stay Caffeinated",Stumble out of your sleeping bag and follow the scent of fresh brew over to Olive Odyssey for your morning cup of life! Bring your favorite dusty mug and a morning hug—we've got the hot coffee and warm vibes to kickstart your beautiful day on the playa.,Food and drink,Olive Odyssey,,,,2026-07-11,10:30,90,Yes,1,Approved,2026-06-04 21:01:06,Olive Odyssey Camp
b5d8920b-f83d-43a2-a0b9-63e23237c2fb,Reject Nihilism and Preserve Hope with Decentralized Tech,"Nihilism is part of the current zeitgeist. It’s natural to feel it, and easy to give in. But avoiding the worst outcomes depends on us collectively resisting nihilism so we can build a better future. I’ve spent 30 years thinking about freedom tech, and I think the tools are now here to help us steer away from Orwellian control and toward freedom... and hope. Let’s talk about the tools and what freedom without centralized systems can look like.
",Workshop,Wonderever,,,Wonder Carpet,2026-07-08,10:30,45,No,1,Approved,2026-06-27 12:52:20,Jason
a71bda98-49f1-439f-9395-2263a3c23583,Oneiria's Eyes: Exploring Dream Symbols,"Discovering slumber’s domain, star-spots of delicious symbolic daylight splinter a night sky’s silence: radiant dreams swirl wild through our half-naked, unawakened awareness. A mad poet will share some Jung-inspired dream analysis techniques, focusing on finding personal meaning in our dreams - bring some dreams with you, especially those you kinda already understand! Little demonstration followed by small-group dream sharing/pondering!",Workshop,Oasis Playground,,,Chill Area,2026-07-08,11:00,60,No,1,Approved,2026-06-02 15:18:59,Mason
17ae7914-2bd5-4358-ba22-e196b0172dfd,"Thirsty for Love, Hungry for Freedom","A playful and meaningful journey through paired movement, sound, and guided meditation to explore love, freedom, and the balance between giving and receiving. This workshop invites participants to connect with themselves and with others in a deeper way, awakening trust, playfulness, and human connection, while reflecting on an essential question: are you truly nourishing your own needs, or mostly feeding everyone else first?",Spiritual / Healing,Bread & Tomato,,,,2026-07-08,11:00,60,No,1,Approved,2026-06-05 17:05:33,Aqua
5b71ed5e-4ad2-4675-89b6-3d71aad94619,The Musical Chair Lap Dance ,Learn the art of lap dance and maybe win the once in a lifetime opportunity to have 20 peoples giving you a lap dance at the same time. ,Adults,Le Gratin,,,Playroom,2026-07-08,11:00,120,No,1,Approved,2026-06-06 01:24:24,Péchés Mignon•nes
b950b403-bcfa-4294-af14-abf7459a0423,Shibari Without Rope,"Discover the tension, connection, and dynamics of Shibari without using a single piece of rope! In this 1-hour session, we will explore mindful restraint, connection, and sensory play using only everyday objects. This is a relaxed and accessible space to learn about the principles of tying and tension in a completely different way.",Workshop,Olive Odyssey,,,,2026-07-08,11:00,60,No,1,Approved,2026-06-07 19:39:33,Mar
72f4ff35-aa5f-42da-a60f-40c325cbc3b1,Morning Jam,"A cup of morning coffee, a freshly toasted bread with home made preservatives.",Chillout,JamHouse,,,,2026-07-10,11:00,120,Yes,1,Approved,2026-06-08 07:40:24,Frank
c68a15e3-d24a-4da8-a1de-0c79cabee020,"Run, Sweat and Sniff: Wild Pride","Run with the pack, sweat like animals, sniff deep. A high-intensity fitness and fetish event for a brotherhood of men who worship raw masculine scent. We start with a 5K run together, then crush a bodyweight workout to get the pheromones flowing. Once the sweat is earned, a fully consensual space opens for guys to explore pit fetish and indulge in the intoxicating aroma of the pack. No deodorant, antiperspirant, or cologne.",Adults,Peach Please,,,Meet outside,2026-07-08,11:00,60,No,1,Approved,2026-06-08 11:42:32,Ivan
d85e8567-4b97-416d-9fee-2854f647c128,Dance theatre workshop: guided improvisation and instant composition,"The workshop is open to everyone.
We will begin with a gentle warm-up. This will involve connecting with ourselves, with others, and with our environment. Then we will explore instant composition collectively, keeping this question in mind: where does theatre begin/end?
A safe place to let yourself be guided, to express your creativity without thinking, to let your intuition take over, to let your body move and speak.",Workshop,Glowy Owl,,,,2026-07-08,11:00,120,No,1,Approved,2026-06-08 13:12:37,Nolwenn
81246287-5717-402b-b713-76f91f8839cc,"Science for Hippies, Spirituality for Nerds","Ever wonder why optical illusions work? Our brains weren't wired to show us reality, but to survive. We are essentially hallucinating our experience! In this workshop, we'll use cognitive science to expose our mind’s glitches, and spiritual practices to break free from our mental programming. Ultimately, we'll explore how skeptical and mystical tools complement each other to achieve the same goal: understanding reality.",Workshop,Mirage,,,Mirage Stretch Tent ,2026-07-08,11:00,90,No,1,Approved,2026-06-08 23:14:48,Marcel
43a0fd4f-ca80-438a-abd6-468f96af13bb,Bad Meditators,"Think you suck at meditation? Always feeling like you are failing at it and avoiding it? Come and discover why you are actually doing great! This intro class to mindfulness meditation can be your first step to a steady practice, releasing self judgment and a portal to accepting the present moment (and at Elsewhere it's a pretty good moment...)",Spiritual / Healing,Jugaton,,,Jugaton Salon,2026-07-08,11:30,60,No,1,Approved,2026-06-03 17:53:24,Papi 
bf23d089-a2e8-467c-9967-b80f8cc690f4,Not pulpo spa,"Hair... brushing them, pulling them, braiding them, getting lifted by them... There is lot of ways to appreciate them or to make someone appreciate them, and a lot of play that we can have. This workshop is a time to take care of them in a kinky way. This is mostly meant for the hair on the head though :)",Adults,Come & Play,,,Thunderdome,2026-07-08,11:30,60,No,1,Approved,2026-06-05 21:26:52,Prosp'hair
57a3ab08-f300-43b6-85d9-8f9c76e12cb3,Beyond Ejaculation: TAOist Sexual Practice for Men,"Taoist sexual practices — also known as ""sexual kung-fu"" — give men the ability to separate orgasm from ejaculation, enabling multiple orgasms and continuous energy without recovery time. Learn to circulate sexual energy and deepen body awareness. Hosted by two long-time practitioners sharing personal insight. For penis-owners of all orientations; all genders welcome. No nudity or sexual activity.",Adults,Curious Creatures,,,Curious Creatures - Dome,2026-07-08,11:30,75,No,1,Approved,2026-06-08 11:49:14,Captain Jack and Joris
c2c39ce7-94e5-4638-88d2-65cf8414433a,Stretching,Wake up the body. Get it ready for the day. I will guide you through some mobility exercises and stretches.,Adults,Curious Creatures,,,Curious Creatures - Mansion,2026-07-08,11:30,45,No,1,Approved,2026-06-08 23:01:42,Noortje
0b6dbb68-b7c6-48b5-989f-deff19bc2200,Kink your workout,"Get in shape with bodyweight and acro movements, all the while doing fun stuff with your and other (no) bodies. We will mix yoga, calisthenics, acro, and being playful with other humans. Plank while trying to spank or avoid getting spanked. Squat or push with another human straddled on top. Wrestle your way out of being pinned. Do your handstands or you will get spotted the hard way...",Workshop,,MoE - Middle of Elsewhere,Ania,,2026-07-08,11:30,60,No,0,Approved,2026-06-08 13:38:37,Alex & Pau
cc0a58c9-3ac8-492e-8029-218dab9d31a4, Este maquillaje es la caña! Artistic makeup workshop,"Taller de maquillaje artístico. Ven a disfrutar con Rachel y Seta de un maquillaje facial o corporal con preciosos motivos orgánicos inspirados en la naturaleza. El maquillaje geométrico se centra en líneas precisas y figuras abstractas para crear simetría y arte visual. El biomecánico, inspirado en la ciencia ficción y el arte cyberpunk, simula la fusión entre la carne y la tecnología (engranajes, cables y metal). En castellano y francés",Workshop,NoBarrio,,,NoBarrio,2026-07-08,12:00,120,Yes,1,Approved,2026-06-04 00:14:11,Seta y Rachel
cc0a58c9-3ac8-492e-8029-218dab9d31a4, Este maquillaje es la caña! Artistic makeup workshop,"Taller de maquillaje artístico. Ven a disfrutar con Rachel y Seta de un maquillaje facial o corporal con preciosos motivos orgánicos inspirados en la naturaleza. El maquillaje geométrico se centra en líneas precisas y figuras abstractas para crear simetría y arte visual. El biomecánico, inspirado en la ciencia ficción y el arte cyberpunk, simula la fusión entre la carne y la tecnología (engranajes, cables y metal). En castellano y francés",Workshop,NoBarrio,,,NoBarrio,2026-07-10,12:00,120,Yes,1,Approved,2026-06-04 00:14:11,Seta y Rachel
ad7415a3-f117-497a-b264-744237a9bb5f,Dancing for Dummies,"Do you want to dance and express yourself but are you rhythmically challenged? Then come to Dancing For Dummies! I can help even the most stiff Nobodies to let loose and make sure that the rest of the burn, you will impress everybody on the dance floor!",Workshop,Wonderever,,,Wonder Carpet,2026-07-08,12:00,60,No,1,Approved,2026-06-06 17:52:06,Alaya
0b4a3c5c-164b-48fa-8953-6e16bfcfeb9b,Ayurvedic Face Massage ,"Revitalize your Playa-worn soul through the ancient Ayurvedic ritual of face massage. In this partner-based workshop, we trade the Playa Mask for a radiant glow. Learn to activate sacred Marma points, release deep-seated tension, and connect with a fellow Burner through the power of conscious touch. From dust to stardust, refresh your face, reset your spirit.",Workshop,Olive Odyssey,,,,2026-07-08,12:00,120,No,1,Approved,2026-06-04 20:29:50,Amano & Antaria
53a0c5ed-82cb-40d4-8009-c2139dcfe841,Polyamory Speed Dating,"Are you a lonesome heart? Tired of searching for your soulmate with no luck? Stop looking for your better half and improve your romantic efficiency. Come to our Bread & Tomato polyamorous speed dating and make the best gazpacho ever! You may fall in love with several people at once, you may find your perfect quad for the roman orgy, you will return home with a dozen in-laws, or maybe not. But you’ll have a great time for sure!",Workshop,Bread & Tomato,,,,2026-07-08,12:00,60,No,1,Approved,2026-06-05 16:39:07,SundRise
7e04e97e-cd84-40f5-87ea-614f58c79d44,Queer men's circle,"An invitation to everyone who identifies as a man to join our Queer Men Circle, an open conversation on queer/gay/bi topics. Come participate, add your point of view or just listen and learn from others.",Workshop,Hyperflow,,,Dome,2026-07-08,12:00,90,No,2,Approved,2026-06-06 14:27:06,Dani
6496bd42-9691-4b5b-ba26-c24d25bfe583,Meet other folks from la ville rose,Toulousaine ? Toulousain ? Come and meet other folks from the pink city to keep the Elsewhere energy at home. (all Occitanie is more than welcome),Chillout,Belly Town,,,Belly Town,2026-07-08,12:00,30,No,1,Approved,2026-06-07 18:38:44,Eli
eae55b42-fdb8-4619-bf92-f3b9eddd6833,Radical Purresence     ,"Presence and verbal communication workshop for Here & Meow crew. A way for us to get closer as a camp, create safe space for each other and find our authenticity. We will slow down, properly pay attention to each other, and practise saying the slightly truer thing than we normally would.",Workshop,Here & Meow,,,Beduina,2026-07-08,12:00,60,No,1,Approved,2026-06-23 11:23:07,Max & Anasta
0e3dec41-3fe8-4d81-b362-b2fc1a352758,Snow Day - Snow Cone Social,"The desert is hot. The penguins are concerned.
Stop by for freshly shaved ice, cold treats, and the increasingly rare experience of holding frozen water in your hands. Enjoy a snow cone while contemplating a future in which they may become a luxury item.
Flavors available while supplies last.
Existential dread available indefinitely.  ",Chillout,,The Slutty Penguin Bar,Spacefish,The Slutty Penguin Bar,2026-07-08,12:00,120,No,0,Approved,2026-06-08 20:33:28,Rumor and Spacefish
12192b5a-0a04-486d-a13d-aeb186553afa,Body Body massage,"Still using your hands to massage someone ? Not anymore ! Come learn how to massage and have fun with your WHOLE body. Yes, as I said, your WHOLE body. ",Other,Barrio Espace,,,,2026-07-08,12:00,120,No,1,Approved,2026-06-08 23:24:38,The Queen Elou
cf7eaf97-2649-424b-acff-2dd3a7164fc5,Mute check - special QUEEN edition,"A Queen karaoke where the soundtrack randomly vanishes and leaves you singing into the void.
Can you keep the tempo alive and rejoin the music exactly when it comes back?
Maybe you're Freddie Mercury.
Maybe you're not.
There's only one way to find out...",Workshop,Belly Town,,,Belly Town,2026-07-08,12:30,60,No,1,Approved,2026-06-04 14:59:14,Dr. Crack
34e6b22d-cf29-4b5f-93bd-c81dc6920ed0,Before We Play: Conscious Connection at Burns ,"How can we create intimacy that is conscious, sexy, clear, and caring? This interactive workshop introduces the „R.B.D.S.M.A. talk“-framework: a simple check-in structure for navigating (new) connections and intimacy in sex-positive spaces. ",Workshop,Yes!,,,Dome,2026-07-08,12:30,90,No,1,Approved,2026-06-05 18:08:21,Maya
295cfc5c-0722-4fee-8517-3c0e4d32a172,The Usual Improv,"Let's give newbies, veterans and cynics the chance to engage in the usual improv comedy theatre games because they are lightening the mood, lifting the heart, and preparing participants for dubious walking-act ambitions in the dust.",Workshop,Yes!,,,Mr Stretchy,2026-07-08,12:30,75,No,1,Approved,2026-06-06 09:18:10,Kim & Lydia
5e94b89b-0990-4557-b06c-37fbe061a2e8,Top Hats for Keepers of Tiny Tales,"Have you ever dreamed of becoming a Top Hat Librarian? Using up-cycled materials, we'll create our own top hats designed to carry tiny books on their brims, ready to be filled with mad ideas, sudden epiphanies, and nonsensical stories.",Workshop,Camp Cambio,,,,2026-07-08,12:30,60,No,1,Approved,2026-06-07 23:48:09,Lalanya
3ef93887-1069-4a2a-942d-6b7f43363c9c,"The Skin I Live In (Touch, Illusion,Connection)","We will discuss how skin can trick you through tactile illusions, why a stranger's touch feels different from a lover's and how skin can guide who you're attracted to through smell and touch before your brain has caught up.",Workshop,Herding Cats,,,Herding Cats Camp,2026-07-08,13:00,60,No,1,Approved,2026-06-02 12:55:22,Polina
d57aec2c-50a6-4cf0-9551-9b6625921306,Hypnotic experience: free your playfull inner child,"A playful hypnosis journey into curiosity, imagination and freedom. Through light trance states, imagination exercices, movement, duo and group interactive games, we will explore different inner states of our playful alter ego inner child like curiosity, childlike wonder, spontaneity, freedom, mieschief, creativity. To reconnect with the playful parts of ourselves often forgotten in adulthood. Just exploration. No hypnosis experience needed.",Spiritual / Healing,,MoE - Middle of Elsewhere,Ania,,2026-07-08,13:00,90,No,0,Approved,2026-06-08 17:37:23,Egyptian cat
efcdc8ef-c75c-46e9-ab72-b382e032ab9c,Sensual bachata,"Will show the basics of this dance with another person, basic moves, and little coreography. If there are experienced people coming I can increase the difficulty.",Adults,sssh!,,,sssh! Dome,2026-07-08,13:00,60,No,1,Approved,2026-06-04 13:45:41,Angel
c5f10c9e-d216-4d5c-babf-7bb625dc0d75,Leave your trace,Come get your shoe soles stamped to leave your mark on the beach.,Workshop,Ran'Dome®,,,Saloon,2026-07-08,13:00,120,No,1,Approved,2026-06-07 21:06:04,Alex
002a6923-f512-4189-a505-dde4c570e701,Naked Sardana,"Tired of using clothes and eager to dance in the most tribal catalan way? Free your potorro and come to enjoy with us!! Sardana is the catalan national dance. Danced in circle, with some magical and secret steps you'll learn in this workshop. We can't promise you're not coming back home claiming your own republic",Workshop,Bread & Tomato,,,,2026-07-08,13:00,60,No,1,Approved,2026-06-05 16:41:39,Kukurruku
85d510fc-ea96-40b3-8cbc-c8daa0482f2f,Fish Exchange - A Community Fish Redistribution Event,"Penguins traditionally exchange fish as a sign of affection, respect, and occasionally poor judgment. We invite you to participate in the inaugural Fish Exchange. Bring an item. Any item. A wonderful item. A useless item. A mysterious item that has somehow followed you across three countries and six moves. We place our fish into the communal fishing grounds before taking turns selecting new fish to adopt and care for. No actual fish required.",Workshop,,The Slutty Penguin Bar,Spacefish,The Slutty Penguin Bar,2026-07-08,13:00,60,No,0,Approved,2026-06-08 21:55:42,Rumor and Spacefish
c687da20-d43e-44d9-b56e-36b29fd941d7,The Anatomy of a Hug,"Not all hugs are the same. Come explore the anatomy of a truly nourishing embrace: breath, presence, posture, relaxation, intention, and the subtle ways humans connect beyond words. Discover how a simple hug can become one of the most powerful tools for transformation in our relationships, our nervous systems, and our sense of belonging.

A slow, heartwarming journey into one of the simplest and most profound forms of human connection: hugs",Workshop,Here & Meow,,,Tipi,2026-07-08,13:00,120,No,1,Approved,2026-06-08 13:12:21,Alvaro
40e811f9-2efe-4218-b191-1d5a28358cc9,Navigating the Dark: Depression & Crisis Support,"Trigger Warning: Depression, life crises, and dealing with suicidal thoughts. 
Most of us have experienced or will experience different levels of depression during our lifetime.
I will tell about my failed suicidal attempt, what led me to that, my recovery, and my insights from this tragic event. This workshop is also relevant if you don't have any suicidal thoughts or depression issues, and can help you or your friend.
",Spiritual / Healing,JamHouse,,,Jam house stage,2026-07-08,13:00,60,No,1,Approved,2026-06-08 19:47:15,Helado
0b186a58-152c-4223-aa84-7bd64b3b9b0a,"Fuego Tease: Dance, Desire & Diva Energy","Welcome to Camp Jugaton, where the rhythm is irresistible, the hips don't lie, and the energy is pure fuego. 

Come and awaken your spicy inner diva.

Expect ridiculously sensual bachata, sassy salsa, and juicy reggaeton grooves.

Together, we’ll flirt with fire and explore a few picante lap dance tricks to seduce or perhaps embarrass a beloved friend.
",Workshop,Jugaton,,,Jugaton Salon,2026-07-08,13:00,45,No,1,Approved,2026-06-08 16:15:41,Madame Natalie
bfb0e494-0b55-4369-8dbf-8c8aff509c15,Embodied intuition!,"Your body is a compass. 

Let’s learn how listen to our bodies real ‘yes’s and ’no’s and be guided the wisdom collective intelligence together!

Reconnect to your real intuition in workshop exposing intuitive play.
This is not a sexual workshop.",Workshop,EYAO,,,,2026-07-08,13:00,90,No,1,Approved,2026-06-08 21:37:55,Wave
feb08c4e-16df-4209-b4d3-950b7136899b,Queer Gestalt,"Through different dynamics, we will connect with our bodies, our needs, and each other. Exploring conscious touch, presence, pleasure, and authenticity, we'll create a space for queer folks to experiment with giving, receiving, and just being.",Workshop,Hyperflow,,,Dome,2026-07-08,13:30,90,No,1,Approved,2026-06-08 00:32:24,Gianni
d0f25695-15e3-4c96-aae9-99a8b3f8fff0,ENM workshop Truth and lies,"If I explore Ethical Non-Monogamy or polyamory, will I end up trapped in a polycule? What even is a polycule? Are ENM/poly people just sex-crazed cult wannabes? 🤔
This is a space to talk about what ENM means, bust preconceptions, and share funny assumptions & stories.
Time to share, connect, learn and laugh. 💛
Curious souls or seasoned ENM folks — all welcome.",Workshop,Hyperflow,,,Chill area,2026-07-08,13:30,90,No,1,Approved,2026-06-08 00:43:39,Nicola
d7630c93-4a40-457d-bdc1-319c74cb58c5,Ikigai — A Map to Your Purpose,"Ever felt like something is missing, or that you're not quite living the life you're meant to? Ikigai is a Japanese concept that helps you find where what you love, what you're good at, what the world needs, and what sustains you all meet. Through guided meditation, solo reflection and honest conversation, we'll help you map that intersection - and leave with more clarity on the direction you actually want your life to take.",Adults,Wonderever,,,Wonder Carpet,2026-07-08,13:30,90,No,1,Approved,2026-06-08 20:05:43,Ambra & Sara
865404fa-2dfa-4056-93b0-fd83dff157cf,Where Tantra meets Tarot,"Meet your 5D Soulmate.. Learn about Psychic Energy.. Platonic touch, light or deep sharing, Fun with Tarot",Adults,sssh!,,,sssh! Dome,2026-07-08,14:00,60,No,1,Approved,2026-06-04 13:46:11,Michael Day
6379c0a5-11df-45a5-8fad-d8ff51364ae5,Introduction to Marriage Meetings,"For the last few years, my fiancé and I have been doing a weekly Marriage Meeting as developped by therapist Marcia Naomi Berger. It's a great tool to manage the relationship, prevent small issues to become big, and keep the link strong, and we want to share that simple tool with you!",Workshop,Belly Town,,,Belly Town,2026-07-08,14:00,60,No,1,Approved,2026-06-04 15:00:13,Winnie
3f2a16af-b3d7-492b-bf1b-cdfad7312119,Leg Massage,"Would you like a relaxing and restoring moment after so much dancing and exploring? Join us for this amazing workshop and take pleasure in receiving and learning how to give a wonderful leg massage. We will work in pairs taking turns, so try to come with a partner.",Adults,Olive Odyssey,,,,2026-07-08,14:00,120,No,1,Approved,2026-06-04 20:23:32,Kike
3e51b464-53b9-4b93-beb7-e75e63479c6f,Communal Living: let's chat!,"Join us for a relaxed, informal space to discuss communal living. Share ideas, resources, and experiences. People at all stages are welcome - whether you're just curious or already living collectively.",Workshop,Barrio del Sol,,,,2026-07-08,14:00,60,No,1,Approved,2026-06-06 20:47:56,Themistoklis
3fb775ba-e80d-4208-9d14-b82cc4956caa,Speed drawing : the drawing speed dating,"You want to meet people in an original way, join our revisited speed dating ! Get to meet some people through question to which you will (try) to answer by drawing ! 
No need to have drawing skills, everyone is welcome.",Workshop,Belly Town,,,Belly Town,2026-07-08,14:00,60,No,1,Approved,2026-06-04 14:57:35,Romain & June
dcd30229-ad54-4c0a-8d96-adc403eff824,"ADHD on Medication, the current state. ","For elsebodies who are on therapy since at least a year to exchange the experiences, good and bad. As with the pharmaceuticals, their doses and the prescribing authorities, travelling abroad, etc. Moderation by an experienced and practising specialist in internal medicine (medical doctor, Germany)",Spiritual / Healing,Yes!,,,Mr Stretchy,2026-07-08,14:00,90,No,1,Approved,2026-06-05 18:08:21,"Felix Holland, MD"
fb3594f9-93f2-4a47-8b2b-02c3f78f673e,Lazy Playfight,"Lusting for a fight with a perfect stranger, but too hot or lazy to go full physical ? Come and enjoy an type of fight that do not require to move more than a few muscles!
Thumb fight (with your feet if you're feeling frisky), goatee fight, worst faces or worst puns, come into the arena to prove your might!
Possibly, will make it a tournament, or not. You may also receive dares if you loose. Or not. Who knows ?",Kids,Le Gratin,,,Chillroom,2026-07-08,14:00,30,Yes,1,Approved,2026-06-06 01:56:45,Cyril
fb3594f9-93f2-4a47-8b2b-02c3f78f673e,Lazy Playfight,"Lusting for a fight with a perfect stranger, but too hot or lazy to go full physical ? Come and enjoy an type of fight that do not require to move more than a few muscles!
Thumb fight (with your feet if you're feeling frisky), goatee fight, worst faces or worst puns, come into the arena to prove your might!
Possibly, will make it a tournament, or not. You may also receive dares if you loose. Or not. Who knows ?",Kids,Le Gratin,,,Chillroom,2026-07-09,14:00,30,Yes,1,Approved,2026-06-06 01:56:45,Cyril
fb3594f9-93f2-4a47-8b2b-02c3f78f673e,Lazy Playfight,"Lusting for a fight with a perfect stranger, but too hot or lazy to go full physical ? Come and enjoy an type of fight that do not require to move more than a few muscles!
Thumb fight (with your feet if you're feeling frisky), goatee fight, worst faces or worst puns, come into the arena to prove your might!
Possibly, will make it a tournament, or not. You may also receive dares if you loose. Or not. Who knows ?",Kids,Le Gratin,,,Chillroom,2026-07-10,14:00,30,Yes,1,Approved,2026-06-06 01:56:45,Cyril
fb3594f9-93f2-4a47-8b2b-02c3f78f673e,Lazy Playfight,"Lusting for a fight with a perfect stranger, but too hot or lazy to go full physical ? Come and enjoy an type of fight that do not require to move more than a few muscles!
Thumb fight (with your feet if you're feeling frisky), goatee fight, worst faces or worst puns, come into the arena to prove your might!
Possibly, will make it a tournament, or not. You may also receive dares if you loose. Or not. Who knows ?",Kids,Le Gratin,,,Chillroom,2026-07-11,14:00,30,Yes,1,Approved,2026-06-06 01:56:45,Cyril
e071886d-1c38-43f1-bcac-928598c2e5c2,Puppets out of Nowhere,Bring an old sock if you can (otherwise i will have some) and let's turn it into a beautiful hand puppet made out of whatever we can find. Then let's bring out our inner children to play!,Workshop,Planet Resilium,,,,2026-07-08,14:00,120,No,1,Approved,2026-06-07 13:18:24,Eleo
0413e246-6d8a-4a99-afbe-2eedc6200018,Sunday topless Pancake Party,"Every Sunday is Pancake Sunday. What started as a breakfast tradition evolved into a globally unrecognized religion. Since time is merely a suggestion at Elsewhere, Sunday will be celebrated on Wednesday. Pilgrims are invited to arrive topless (or fluffy), bearing toppings as offerings. Ask the Pancake Oracle to reveal what Elsewhere holds for you. New friends? Unexpected adventures? Only the pancake knows. Gluten-free and vegan available.",Adults,Desert Dessert,,,,2026-07-08,14:00,120,No,1,Approved,2026-06-07 14:29:22,Watermelon Family
ab173ab0-d246-4aa1-872a-063e3c136f8c,Crappy Cabaret ,"Got an amazing performance for a cabaret? We don’t want it! At the Crappy Cabaret, we’re looking for : An idea you have but don't quite know how it should go; A skill you want to show off but don’t have a stage; Something someone said could be cool, but who knows what it’s supposed to be? Audience members welcome, with one rule: We go wild cheering for everyone, no matter how the performance goes. This event is about embracing DONE, not PERFECT !",Adults,Glitch,,,On the dancefloor,2026-07-08,14:00,90,No,1,Approved,2026-06-04 15:49:27,TeeBeeDee
1d1fe7a6-4fb4-4e65-b2ac-fa14cc08a31a,Find your Playa name,"""
Your playa name finds you.. but sometimes it needs a little help. In this 60 minute workshop, we’ll use reflection, interaction and the wisdom of the people around you to uncover the name that captures who you truly are out here on the dust. This inside journey might bring outward a name to that sticks for life! """,Workshop,Camp Cambio,,,,2026-07-08,14:00,60,No,1,Approved,2026-06-07 23:57:14,Eline & Chris
ad8fe5f5-4825-4172-ab5d-913e1494a32a,"Connect, Feel, Share, Touch","A body and dance practice workshop exploring conscious connection — with yourself and with others. Moving gradually from individual awareness to group contact, we discover each other's bodies through movement and skin, building a new vocabulary of touch. Come in light clothes if you can; as comfort grows, layers can be shed. A gentle, emergent, and consensual space for curious bodies.",Adults,Peach Please,,,Dome,2026-07-08,14:00,90,No,1,Approved,2026-06-08 11:42:32,Baby Peach
f8d4d1dd-6460-473d-a157-9e595b0e1e7a,Sensual Connections,"Feeling curious? Wanting to connect? Join this 5-hour workshop to explore consent and create a safer space for sensuality and fantasy. We’ll connect physically, emotionally, and mentally with ourselves and others. Please arrive freshened up and on time, with a towel/blanket/yoga mat. Singles and couples welcome. Limited spaces available.",Adults,Curious Creatures,,,Curious Creatures - Dome,2026-07-08,14:00,300,No,1,Approved,2026-06-08 11:50:38,Foxtopus
b798675f-cbda-43b7-9786-5b818fd81937,Ice bath & Cold recover,"Come and recover with an ice bath plunge or cold therapy. 
Dive into an ice bath during 1 to 5 minutes to a better impact on emotional and psychological well-being",Chillout,Mercurial Retrogrades,,,Mercurial Retrogrades,2026-07-08,14:00,120,No,1,Approved,2026-06-08 21:15:47,Chris
a2215a10-02d8-43ca-9719-b63849cbb514,Astral Projection & Interdimensional Traveling  Workshop,"A guide to the galaxy that starts in your mind! Come learn about astral projection and traveling. I will guide you on your first experience and set you up for more. Even if you don’t manage to travel, it’s a great meditation technique or siesta that will have you feeling revitalized. We will be using “The Gateway Tapes” method. You will learn how to create a bubble to protect your energy among other Jedi mind tricks! Naps are welcome!",Other,ÜBERFIASCO,,,Überfiasco Siesta Lounge,2026-07-08,14:00,60,No,1,Approved,2026-06-12 15:03:19,Day the dreamer!
61c7a409-be18-468e-b274-86a4c689ffb1,Nude Constellation,"Nude Constellation is a movement workshop exploring the creation of collective nude body sculptures through contact improvisation, partner acrobatics, and acroyoga. We will build living compositions of intertwined bodies, exploring weight, balance, support, texture, and form. Alongside movement, pencils and paper are available for drawing and painting, allowing participants to sketch and document the evolving human landscapes.",Workshop,Garden of Joy,,,Garden of Joy,2026-07-08,14:00,60,No,1,Approved,2026-06-08 22:18:48,Baher 
eed73c99-1749-474e-86e2-1390bacfa18e,Breathwork for clarity,"Discover the magic of breathwork. Arrive tired and confused, leave connected to yourself and your intuition. The session will involve movement and a gentle breath. NB: you don’t actually need to be confused about anything to reap the benefits of breathwork.",Spiritual / Healing,Yes!,,,Dome,2026-07-08,14:30,90,No,1,Approved,2026-06-05 18:08:21,Arthur
c74d87f7-8c32-46cb-98f9-54a2f2ac6ec2,40ways around the c0ck,"A playful, hands-on journey to explore 40+ new ways to touch your partner's penis with care, presence and creativity ! Bring your partner and a towel/sarong. We have lube",Adults,Come & Play,,,Thunderdome,2026-07-08,14:30,120,No,1,Approved,2026-06-05 21:26:52,Yna
20cbbb59-b7d1-4d0b-b3dc-f95248068847,Healthy Relationships for Nerds,"Are you into healthy relationships, spreadsheets, charts, statistics, and other nerdy stuff? Let's discuss different practices and tools of how we nerds make and keep our relationships amazing.",Adults,Come & Play,,,Open Space,2026-07-08,14:30,60,No,1,Approved,2026-06-05 21:26:52,Foxxy
263e4b86-e7ff-4021-904d-2c723889d2a2,Let's soup,"Anything can be created, crafted from your wishes and ingredients. See what the soup has to tell you!",Workshop,sssh!,,,sssh! Dome,2026-07-08,15:00,60,No,1,Approved,2026-06-04 13:46:47,Alina
9dba7713-d67c-49fd-8edc-2128e42b156d,A refreshing way to Finnish ,"In the most inauthentic sauna experience you'll ever have, come get ultra sweaty Elsewhere style as we sauna in a plastic tent in the midday sun. Once we reach our limit and are suitably glistening, we'll hit the pool for a cold plunge and ice beverage. As with any sauna, please do not attend under the influence of alcohol, substances or if you have a condition unsuited sauna heat. Please arrive showered and hydrated.",Other,Barrio del Sol,,,,2026-07-08,15:00,60,No,1,Approved,2026-06-06 20:48:45,Lucas
009401c3-2188-41d9-989f-405a1c999ed1,Playback Improvisation Contest,"Become an international superstar at the Playback Improvisation Contest! Participants are challenged to  improvise performances of surprise songs from around the world using only lip-sync, attitude, and pure emotional commitment. No singing talent required: only courage, drama, and chaotic stage presence. Limited to the first 8 participants. Audience participation encouraged. Will you become the Playback Champion of Elsewhere!!",Workshop,Hyperflow,,,Chill area,2026-07-08,15:00,60,No,1,Approved,2026-06-06 14:31:06,Alp
7dfacc84-7e6e-4fc7-8e81-8e2d80c071fc,Knot Tying 101 (I promise it's fun),"Fisherman knots are the best!  I have a 40 year old card game with points and the winner gets a prize.  Unlimited number of people, and no digital screens required.",Workshop,Mooncows,,,MoonCows Lounge,2026-07-08,15:00,60,No,1,Approved,2026-06-07 21:33:10,Joe Makes
2754c2ab-8392-4a7e-81e7-473679675e3c,It's Your Turn. Step Into Your Presence. Own the Room.,"You've seen them. The TED speaker. The guru. The one who holds a room. You've wondered what it feels like to be that person. Now try it. Step into the seat, speak with presence, own the room! even just for a moment. What you discover about yourself will stay long after the dust settles.",Workshop,Garden of Joy,,,Garden of Joy,2026-07-08,15:00,60,No,1,Approved,2026-06-07 22:29:57,Basem
2099e3ad-bf6f-45cc-997e-256ebe8ade1d,Become a human drum machine,We are gonna learn some basics about beatboxing aka vocal percussion,Workshop,Camp Cambio,,,,2026-07-08,15:00,60,No,1,Approved,2026-06-07 23:47:25,Jose
43068205-5e1d-45d7-87aa-f152963237a2,Hot (Polaroid) photography,"Bring your (Polaroid) camera, a friend, your favourite outfit, and be ready to make some art. 
I will teach you some tips & tricks about modeling for photography. And then you can put it into practice making playful, sexy and spicy (Polaroid) pictures of each other. ",Adults,Curious Creatures,,,Curious Creatures - Mansion,2026-07-08,15:00,60,No,1,Approved,2026-06-08 11:52:24,Noortje
ba981119-f7cf-4d54-8672-32920793f980,Learn and practice  massage for Legs,"The long standing and dancing took a toll on your leg that weigh million tons, Allan will teach you the best hand movements to relieve pain and tiredness. bring a +1 !. And bring a towel... :)",Spiritual / Healing,Barrio Espace,,,,2026-07-08,15:00,75,No,1,Approved,2026-06-08 23:25:44,Allan
7368bbdf-63e5-472a-8664-49c9c868a0aa,Sunny Tea Party ☀️🫖,"Join us for an afternoon tea party in Glowy's chill. Sip fragrant tea, enjoy fresh fruit, and sway to a selection of groovy, feel-good tunes. A gentle moment to connect, dance, chat, and recharge before the evening adventures begin.",Party,Glowy Owl,,,,2026-07-08,15:00,120,No,1,Approved,2026-06-08 21:22:38,Chacha & Marine
76a8284e-d8c3-4a3e-b144-5a9550e472bb,yoKa,"welKome to align your chaKras and to KonneKt to KosmiK universe and to yourself in this speKtaKular yoKa praKtice!
Bring a yo(K!)a mat or a towel.",Workshop,EYAO,,,,2026-07-08,15:00,60,No,1,Approved,2026-06-14 12:28:49,Barleyss & Vera
12fa774f-ddb4-42b7-939b-0fc2e5cf8df1,Ice Play,"Explore the power of cold as a gateway to sensation, presence, and connection. Through playful and consensual ice play practices, we’ll awaken the body, heighten awareness, and experiment with trust, boundaries, and pleasure in a safe and body-positive space 🔥🧊",Adults,Here & Meow,,,Beduina,2026-07-08,15:00,60,No,1,Approved,2026-06-08 16:07:56,Vita & Monica
9b5e4b53-f3af-4cc7-92ef-f00cb29d28b3,Water Pistol Fight,"Have fun getting wet with all the Nobodies. Glitch is throwing its traditional Interbarrio Water Pistol Fight once again! We have a bunch of water pistols waiting for you, but bring your own if you can as we never have enough for all of you. We supply the water for reloading. No winners, no losers, no rules. Just soaked burners in the afternoon heat and a muddy mosh pit. Kids are very welcome to join.",Kids,Glitch,,,,2026-07-08,15:00,60,No,1,Approved,2026-06-09 16:45:10,Chita & Manass
f2ab88f5-9d99-4533-a9b3-219e32082a5b,Oracle for Rational Minds,Building bridges between the invisible and the visible world.,Spiritual / Healing,,MoE - Middle of Elsewhere,Ania,,2026-07-08,15:00,60,No,0,Approved,2026-06-08 13:54:13,Merlin
7d6feae4-459e-4614-ad3a-1d2e5d2dce27,Authentic Relating: for better and more satisfying connections,"How can we connect with others in a more authentic way? How can we open up without overthinking? Come find out how grounding, alignement and breathing allow us to be fully present and ready to make meaningful connections.",Workshop,Wonderever,,,Wonder Carpet,2026-07-08,15:30,60,No,1,Approved,2026-06-30 11:53:46,Tomas
2d3d4cb3-a85d-4b88-8698-9e51b0ca3dde,Hangry demons inside? Let's feed them!,"You will get to know your inner demon which comes along with you to Elsewhere. Demons are very hungry, we feed them to satisfy and make them happy. You will notice that the demon is a very important part of you, which wants to be seen and nurtured. Expect drums and incense.",Workshop,Oasis Playground,,,Chill Area,2026-07-08,16:00,60,No,1,Approved,2026-06-02 15:06:07,Levente & Ines
39b436a0-baf6-4112-ad8c-1968e6b9adcd,Rejection workshop,You can't come,Workshop,NoBarrio,,,NoBarrio,2026-07-08,16:00,60,No,1,Approved,2026-06-05 12:31:24,Martin
39e6b9e1-3862-429b-b89a-482f0bcfbedb,Happiness & Free Will,"Life is a beautiful thing, why not try to experience it to the fullest. Explore how taking sub optimal decisions, being silly or doing things for no reason can help escape mundaniety of everyday life.",Workshop,sssh!,,,sssh! Dome,2026-07-08,16:00,60,No,1,Approved,2026-06-04 13:47:26,Shrey
70a5e269-3714-40f0-adbe-50beb76c073d,"Leave No Trace, Carry Space - Totem Workshop","Help us transform an old camp structure into a collective memory totem for the 10th anniversary of barrio Espace.

Decorate, build, attach, create, and leave your trace: a photo, a message, a memory, a symbol, or a small object. Together, we’ll turn it into a living archive of the people, stories and magic that make barrio Espace.
",Workshop,Barrio Espace,,,Barrio Espace,2026-07-09,16:00,360,Yes,1,Approved,2026-06-03 20:51:06,
70a5e269-3714-40f0-adbe-50beb76c073d,"Leave No Trace, Carry Space - Totem Workshop","Help us transform an old camp structure into a collective memory totem for the 10th anniversary of barrio Espace.

Decorate, build, attach, create, and leave your trace: a photo, a message, a memory, a symbol, or a small object. Together, we’ll turn it into a living archive of the people, stories and magic that make barrio Espace.
",Workshop,Barrio Espace,,,Barrio Espace,2026-07-10,16:00,360,Yes,1,Approved,2026-06-03 20:51:06,
70a5e269-3714-40f0-adbe-50beb76c073d,"Leave No Trace, Carry Space - Totem Workshop","Help us transform an old camp structure into a collective memory totem for the 10th anniversary of barrio Espace.

Decorate, build, attach, create, and leave your trace: a photo, a message, a memory, a symbol, or a small object. Together, we’ll turn it into a living archive of the people, stories and magic that make barrio Espace.
",Workshop,Barrio Espace,,,Barrio Espace,2026-07-11,16:00,360,Yes,1,Approved,2026-06-03 20:51:06,
25dca9cb-6534-41ba-a4ba-b848d1e910f4,Discover the star in you! ,"Come with your mug and a drink to share if you want . Arrive and leave as you please. Stay at least 20 min. Discover who hides inside you...and behind you! ( English, French and Spanish spoken in smaller groups if needed) ",Chillout,Pink Poney Paradise,,,Pink Poney Paradise,2026-07-08,16:00,120,No,1,Approved,2026-06-03 20:28:07,Caro
bce0c369-df16-4f7c-a643-766acb83e619,Rocket throwing,"Replace ""throwing"" with ""dropping"" or ""launching"" according to how good your arm is.",Workshop,Belly Town,,,Around Belly Town,2026-07-08,16:00,60,No,1,Approved,2026-06-04 15:25:28,Ted
cb8e5d78-f5e3-4021-9b8d-c017c93a2700,DIY Nippies,"Come make your own leather nippies! 
Using reclaimed leather, scissors, glue and a bit of imagination, create a unique pair of nipple covers for your night outfit. Just because you’re fabulous and you need ones. No chest required : nipples also look great on pecs, muscles and other delightful body parts. No experience needed. Draw, cut, glue, wear.",Workshop,Le Gratin,,,Chillroom,2026-07-08,16:00,120,No,1,Approved,2026-06-06 01:34:21,Lu
98345c24-98fd-430b-81bc-a9f6b7966273,The Fine Art of Screaming,"Curious about scream and growl techniques? This group class is a playful introduction to saturated vocals. We won’t turn you into a metal singer in one go —but we’ll explore the full power and textures of your voice together, safely and with fun. No experience needed, just bring your curiosity!",Workshop,Barrio del Sol,,,,2026-07-08,16:00,60,No,1,Approved,2026-06-06 20:49:31,Loy
ffff73b2-9045-43ea-bb2f-4f06e07eb9c6,Habibi Watermelon Disco ,"We are BACK for another year of hip shaking and shoulder shimmying. Join us for two hours of the funkiest, grooviest Arab disco and house on the Playa, brought to you by South Lebanon's Katya La Mar. We'll be serving up beats and watermelon slushies (alcoholic and non-alcoholic) to keep things fresh. Yallah, ya habibis!",Party,Hyperflow,,,Chill area,2026-07-08,16:00,120,No,1,Approved,2026-06-06 14:44:13,Katya la Mar
524aefe2-5d12-41eb-abd4-bebaf75fe3d3,Sweet'n'Sour,"Let us tickle your tongues with substances that change your perception without making you high. Whether you prefer sweet or sour - at the end, it's all a matter of taste. ",Food and drink,Desert Dessert,,,Main Shade,2026-07-08,16:00,60,No,1,Approved,2026-06-06 23:53:19,Biology Teacher
ec26e0e8-5dc8-4c7d-a252-6302ea113006,Drum Circle,"Bring your own drum or use what we've got at the JamHouse. If you don't want to play, you can always join us and dance to the beat! Drum circles are a great way to connect with people without words!",Other,JamHouse,,,,2026-07-08,16:00,120,No,1,Approved,2026-06-08 07:40:24,Tia
be381bb8-0296-4db4-a866-836a0420b3bd,Circle of trust,"Welcome to the Masterclass of Conning.

Everyone draws a statement and reads it out loud.

Here’s the twist:
There’s a 50% chance it’s your own truth… and a 50% chance it’s a complete stranger’s story.

If you drew a lie =>you have 1 minute to sell it as your truth.
If you drew your truth => you have 1 minute to make everyone believe it’s a lie.

Convince. Perform. Deceive.

May the best liar win.",Other,Mercurial Retrogrades,,,Mercurial Retrogrades,2026-07-08,16:00,60,No,1,Approved,2026-06-08 09:33:01,Levi
7920a868-d072-492b-8c8c-0c4d63618886,Gay Wrestling,"Unleash the fighting spirit and explore the erotic dimension of wrestling with another man. Sometimes it's about technique; sometimes it's about something more primal. This workshop is a space for men-identifying people to be playful or rough, sensual or bestial — on a mat together, finding out where it goes. Consent, as always, is the foundation.",Adults,Peach Please,,,Dome,2026-07-08,16:00,120,No,1,Approved,2026-06-08 11:42:32,Erajh
a2cb5f1c-f1bc-4eae-a7ff-2eb0d06924be,"model draw, paint with live model","with model that you can bring, draw on paper and paint",Workshop,Barrio Espace,,,,2026-07-08,16:00,120,No,1,Approved,2026-06-08 23:29:30,"David B, Athena"
43263c5f-112a-41b4-b7cc-7f7e99ac8784,Kundalini Energy Activation,"Kundalini energy is life force energy, resting dormant at the base of our spines. Activating it allows it to flow through our energy body, clearing blockages and shifting things that no longer align with us. People can experience a wide range of things during a session - from deep meditative state, to spontaneous movements and sounding and even energy orgasms. This is a surrendered experience - leave all your expectations at the door.",Spiritual / Healing,Here & Meow,,,Tipi,2026-07-08,16:00,150,No,1,Approved,2026-06-08 13:20:44,Caitlin Dean
ef01c8ad-3266-4800-8666-1f70352ee025,Where contemporary dance meets the dance floor  ,"Two worlds collide! The creative contemporary movement meets the freedom, rhythm, and pure joy of club culture. We'll explore initiating movement from different joints and centres of the body, playing with tension and release, relating to one another across distance, and discovering what lives between stillness and motion.
No experience needed. Just curiosity, a body, and a willingness to move.
",Workshop,Garden of Joy,,,Garden of Joy,2026-07-08,16:00,90,No,1,Approved,2026-06-08 18:19:15,Basem 
59f57eba-9a46-4207-b46f-7f10127494d4,The Naked Dance Party,"Dance like you can't anywhere else. The dress code is fully naked and the vibe is utterly inclusive. We celebrate body positivity by moving free in the shade under our cooling mist. You read that right - we have indoor rain, baby! Our dancefloor is secluded to create a safe space for everyone. No bystanders, all bodies are celebrated.",Party,Glitch,,,,2026-07-08,16:00,120,No,1,Approved,2026-06-09 17:12:50,Silja & Katja
019140ec-e1fe-424f-a2db-b3b1e75935a6,Peeling Gently,"Want to get one layer deeper and more naked with those fabulously beautiful strangers on the Playa? 36 Questions Elsewhere edition. Do expect a twist, though.",Adults,Yes!,,,Dome,2026-07-08,16:30,60,No,1,Approved,2026-06-08 11:37:20,Be
da8b6020-575a-4fbe-8d73-5b1cac697a3b,Daytime Playtime,"An actually playful playspace happening during the day: it's going to be hot, and it's going to be playful, like a playspace should be. We will explore desires and possibilities, warm up those 'ask for what you want' and consent muscles, then play. Come showered and with a buddy, toys welcome.",Adults,Come & Play,,,Thunderdome,2026-07-08,16:30,120,No,1,Approved,2026-06-05 21:26:52,Pau & Alex
a82f1104-19d5-460e-95b0-2eec88e3b2ae,BDSM 101,This is a workshop for those who want to experiment different side of BDSM in a playful and light way ! Beginner friendly.,Adults,Come & Play,,,Open Space,2026-07-08,16:30,90,No,1,Approved,2026-06-05 21:26:52,Oni
968b2380-6bbd-4dc0-b4b6-81c424d6deae,The Trash Cabaret ,"The Ran'Dome Trash Panda team of the day present to you the very big Trash Cabaret !
",Other,,MoE - Middle of Elsewhere,Ania,,2026-07-08,16:30,60,No,0,Approved,2026-06-08 13:57:21,treelover
2b781952-dcfa-45a4-b84d-91f8281d2702,Classical Music Ecstatic Dance,"Express yourself dancing to the best classical music tsin-tsin-tsin instead of the usual ectronic music boom-boom-boom. Beethoven, Mozart, Bhrams, Prokofiev, etc",Workshop,Mooncows,,,MoonCows Lounge - Dancefloor,2026-07-08,16:30,90,No,1,Approved,2026-06-08 23:59:11,Cori & Sagira
7925286e-8238-463d-821a-f4792fdd8b0b,Formal shirtcocking & blouse cunting aperitif,"You are cordially invited to the fanciest gathering Elsewhere has ever seen. Sip cava with your pinky up and feast on cheese and grapes. There is, however, a strict dress code. Evening attire is required from the waist up. Think frills, top hats, 19th-century English landowner. Below the waist? Nothing. Absolutely nothing. Let the breeze find you. Let your legs be free. This is a formal event. Standards are expected. Trousers are not.",Party,Planet Pulpo,,,,2026-07-08,17:00,120,No,1,Approved,2026-05-26 17:07:05,Shauna
b555cebe-1dea-4b73-83b7-76fdda53222c,Naked Karaoke!,"What happens when you strip away the outfits and just leave the music? Magic. Come sing your ass off in a safe, celebratory space. All bodies and all vocal ranges welcome.",Party,Jugaton,,,Jugaton Salon,2026-07-08,17:00,120,No,1,Approved,2026-06-03 18:10:14,Miki
181cd86c-125b-425b-9a2a-52e4cef2d23e,Apéro Français (in a true café),"Do you want the true experience about the veritable french terrace café. No worries we are here for your plus grand bonheur ! Coffie, beer and also champaaaaaaagne with the most delightfull smile of the best « garçon de café » from Paris <3 Be carried by the french music bal musette or the smell of a croissant and small cigarrette ! Let be suprised by La Fraaaaaaance",Party,Ran'Dome®,,,Saloon,2026-07-08,17:00,120,No,1,Approved,2026-06-07 21:00:01,Oz
78cccce7-efc1-4935-9aa1-daa756ba5d5c,Chess 960,"We'll discuss and play some weird chess variants: Fischer Random (Chess960) and Bughouse. You'll just need to be familiar with the basic rules of chess. If possible, please bring a smartphone for time control.",Workshop,Herding Cats,,,T-Hole (tea cabin on playa),2026-07-08,17:00,90,Yes,1,Approved,2026-06-09 18:10:48,Nico
78cccce7-efc1-4935-9aa1-daa756ba5d5c,Chess 960,"We'll discuss and play some weird chess variants: Fischer Random (Chess960) and Bughouse. You'll just need to be familiar with the basic rules of chess. If possible, please bring a smartphone for time control.",Workshop,Herding Cats,,,T-Hole (tea cabin on playa),2026-07-11,17:00,90,Yes,1,Approved,2026-06-09 18:10:48,Nico
1fb49dd1-2432-44e3-ad8a-dd10fd97e5c1,NZ mini degustation menu,"Come and experience a mini degustation menu of real new zealand foods, prepared by a kiwi",Food and drink,Belly Town,,,Belly Town,2026-07-08,17:00,60,No,1,Approved,2026-06-05 12:13:17,Chilly bin
0524c4a2-d2bb-4103-b341-488e0f681b79,Allioli + Kiss&Guess,"Have you ever made allioli? In the first part of the workshop, we’ll learn how to make it. In the second part, we’ll have fun tasting the sauce and guessing different flavors in a playful way. Come, learn, kiss & guess!",Workshop,Bread & Tomato,,,,2026-07-08,17:00,60,No,1,Approved,2026-06-05 16:44:20,Allioli Camp
9198f442-e40f-45b3-b071-6c46810d4769,Post Rock and Shoegaze Appreciation Society,Have a trip into the fuzz and fall deeply into layers of reverberated vibes of the finest selection of classical Shoegaze and premium Post-Rock. Surprise for the firsts coming.,Other,Barrio del Sol,,,,2026-07-08,17:00,90,No,1,Approved,2026-06-06 20:50:23,Duckman
bb7f4570-cf68-4a7e-8b9f-0d7bc62dc014,Marginalised Monsters,Being marginalized brings a lot of unexpressed feelings.Thats why we invite you to have collective hang and craft. To manifest all of these lingering feelings into a Monster. So you always have them savely with you. You can also just come and hang. No pressure. Bipoc only tho!,Workshop,Desert Dessert,,,,2026-07-08,17:00,60,No,1,Approved,2026-06-07 00:07:29,H. N-A
e90e65a9-68e0-44b3-8c7d-bd1df03cb2a9,Heal the Heart,"Had a tough year? Open your heart and let go of what you're carrying. Simple, yet powerful guided meditation to re-set, heal and rediscover self-love & worth.",Adults,sssh!,,,sssh! Dome,2026-07-08,17:00,90,No,1,Approved,2026-06-04 13:48:07,Andrew
149f1946-e5cc-45f2-8dde-3792d6ccee62,Egyptian Tea Party!,"Come join a magical trip to the cozy Wonderlands of Alice, where we will share a magic tea portion, make new connections and discover if aliens built the pyramids, with our ecstatic Dj’s that will transport you to the magical Egyptian desert - and who knows, some madness may await! An assortment of Egyptian teas hot and cold will of course be served to you by our fantastical creatures who might also guide you through our rabbit hole.",Food and drink,Camp Cambio,,,,2026-07-08,17:00,120,No,1,Approved,2026-06-14 10:37:59,"Taahira, Naira & Zizo "
58b6d345-fbc5-4ece-ab68-32446a10f63a,Acroyoga flow for beginners and free flow,"We will practice 1-2 acroyoga flows for beginners/intermediate, followed by a free flow
Anyone is welcome <3 
You can but don't necessarily need to come with a partner",Workshop,Here & Meow,,,Beduina,2026-07-08,17:00,60,No,1,Approved,2026-06-23 11:24:01,Valentin 
46c696a6-5c06-4f0a-b758-a6ff4692be0b,Vertical Pleasure for Dusty Divas	,  Come defy gravity on our pole dancing bar and dance under the desert sun. Come and ask for Laura,Workshop,Barrio Espace,,,,2026-07-08,17:00,120,No,1,Approved,2026-06-08 23:40:02,Laura 
5e283f50-5d8a-4192-b37e-b4478460bcc8,Build an Air Cooling Device and Cool Down (Swamp Cooler),"Ever felt too hot? You’re already an expert. Discover the science of staying chill by building a DIY evaporative swamp cooler! Join our ""lab-coated"" team to construct a cooling device from scratch, learn the physics behind it, and compete to build the coldest one. We provide parts for five teams; one lucky builder per team takes their device home. Everyone else leaves with the know-how to stay cool and a little extra smugness. How cool!",Workshop,Mirage,,,Mirage Stretch Tent ,2026-07-08,17:00,90,No,1,Approved,2026-06-07 23:56:03,Gemma & Fred
61ab425a-8450-4137-96a5-597bfd58045d,Liquid Love,"Large-scale collective oil bath, ritualized and held in a safe space by Séverine Grisel Goetz, Tantra teacher. Arrive on time, there are limited spots. Come sober.",Adults,Curious Creatures,,,Curious Creatures - Dome,2026-07-08,17:00,120,No,1,Approved,2026-06-08 22:51:39,Séverine Grisel Goetz
1731f278-a50e-4ec8-ba2f-cac6d2759428,Pole dance,a pole dance is at the barrio ready to use with Laura,Workshop,Barrio Espace,,,,2026-07-08,17:00,480,Yes,1,Approved,2026-06-09 00:00:53,Laura
1731f278-a50e-4ec8-ba2f-cac6d2759428,Pole dance,a pole dance is at the barrio ready to use with Laura,Workshop,Barrio Espace,,,,2026-07-09,17:00,480,Yes,1,Approved,2026-06-09 00:00:53,Laura
1731f278-a50e-4ec8-ba2f-cac6d2759428,Pole dance,a pole dance is at the barrio ready to use with Laura,Workshop,Barrio Espace,,,,2026-07-10,17:00,480,Yes,1,Approved,2026-06-09 00:00:53,Laura
1731f278-a50e-4ec8-ba2f-cac6d2759428,Pole dance,a pole dance is at the barrio ready to use with Laura,Workshop,Barrio Espace,,,,2026-07-11,17:00,480,Yes,1,Approved,2026-06-09 00:00:53,Laura
b46c6249-a032-4810-8c4a-6546b8c87c01,"""Best"" of french songs","Do you speak French? Come sing your heart out to the “best” French-language songs (yes, the quotation marks are important). Don't speak French? Lucky you... There might be some Pastis, or maybe not",Workshop,Belly Town,,,Belly Town,2026-07-08,17:30,60,No,1,Approved,2026-06-04 15:01:23,Fourmi
496142d4-83d9-4ad2-b84f-b92c5c265d3d,Paper airplane competition,"The 1st annual Montenegros paper airplane competition!! You will have 30 minutes to design and decorate your plane, then we will put them to the test to see who wins the Grand Master Paper Pilot Prize (among other prizes). One team per barrio allowed (team size ulimited).",Workshop,Olive Odyssey,,,,2026-07-08,17:30,90,No,1,Approved,2026-06-04 21:26:26,Elise
01f367e4-bf35-4886-a851-19a0d2d06042,Pikachu Playfight!,"2 Pikachus facing each other down. To fight, they will send a special human creature in the middle, which they will control via their special electric appendages. Shocking! It is more play than fight. Come get shocked for the fun of it! Pika Pika! Pika-chuuuuuuuu!",Other,Yes!,,,Dome,2026-07-08,17:30,90,No,1,Approved,2026-06-05 18:08:21,Joo
a83aa248-9511-4fae-b287-cc0c253a8233,Queer Flamenco ,"Just in case we needed an Andalusian heatwave at the heart of Los Monegros…here comes some flamenco - with a queer twist, of course. This workshop aims to introduce participants to the basic resources of flamenco physicality as a way of celebrating queer bodies and affects. No prior experience needed! We will mainly be focusing on armwork, rhythm and gender play through flamenco movement. ¡Vente a bailar con nosotrxs!",Workshop,EYAO,,,Eat Your Art Out,2026-07-08,17:30,90,No,1,Approved,2026-06-06 23:24:50,Haris
4f0841f2-d12f-4b4f-a90b-ea2eca69193a,Naked Play Fighting!,"Drop your clothes at the door and find your feral, playful energy! Underwear optional, no martial arts experience required- just bring your wonderful naked self and a willingness to play!",Adults,Yes!,,,Mr Stretchy,2026-07-08,17:30,90,No,1,Approved,2026-06-08 11:32:17,River
f3b7e801-2882-43b2-bc03-adb9f517c650,DUB REGGAE Party,"Dive into a journey of deep DUB and roots REGGAE, powered by a high-quality sound system designed to let every bassline resonate. Expect warm & high vibrations, hypnotic rhythms, and an immersive atmosphere where music, sound, and positive energy come together on the dancefloor.",Party,Garden of Joy,,,Garden of Joy,2026-07-08,17:30,90,No,1,Approved,2026-06-08 18:23:37,Alp & Brutalp
5a54ca19-cf5d-404f-bfba-6a48a86d3e60,Top Gun Beach Volleyball Showdown,"A sun-soaked tribute to one of cinema’s most iconic matches. Teams hit the sand for a fast, competitive game with just the right amount of Top Gun swagger: sharp serves, big saves, theme-inspired music, jeans in the dress code, and maybe a little unnecessary intensity.",Other,Dusty Dreamers,,,At the Beach Volleyball court,2026-07-08,18:00,90,No,1,Approved,2026-05-20 11:51:04,
ef7ac6ee-94cb-4a1d-8670-a9dd64074c9c,The Ass Symphony,Spank and be spanked in rythm with the most famous classical music symphony.,Adults,Le Gratin,,,Playroom,2026-07-08,18:00,60,No,1,Approved,2026-06-06 02:03:56,Lisbeth
e00d8ad3-39f4-4221-8d43-d593804cfebf,Hyperflow sunset get down!,"You are cordially invited to Hyperflow's first-ever Sunset Getdown. Get funked up dancing your ways into the night with four non-stop hours of the sexiest, dustiest selection of music brought to you by our garden of super talented and objectively handsome Hyperflower DJs. Bring your boogie shoes and your grooviest dance moves and get ready to get down with some Hyperflow musical magic. ",Party,Hyperflow,,,Hyperflow stage,2026-07-08,18:00,240,No,1,Approved,2026-06-06 14:46:01,Hyper-DJ´s
17d0356f-df28-466b-9df9-e50da9da54f7,Meteor contact juggling - all level,"You want to learn a forgotten juggling technique? Come with your own meteor or just with your motivation! It's just a question of spinning motions and centrifugal forces, you can do it ;) ",Workshop,Planet Resilium,,,,2026-07-08,18:00,60,No,1,Approved,2026-06-07 13:11:33,Ley
ea0b5576-7c08-4ada-aa43-ccab07a8cb36,The Last Dish - lets talk about utopies,"Is a happy end an option? Where do we want to go - with Our life? Our society? Our planet? (How) Can dreams influence the development of the world? How can we feel, that we matter and that we can pilot? And where would we like to go with this rotten ship anyway? This is a talk, an exchange - probably scratching default life topics, probably political, but also creative. We already share a Utopie: the burn. So lets look for hope together!",Other,Desert Dessert,,,,2026-07-08,18:00,90,No,1,Approved,2026-06-07 23:09:59,Nogretchen
17e9b327-20eb-4cef-a8b7-6cbfe53284e6,Lengua Sucia,"Language fetishist? Come and let us whisper dirty little things into your ear. Practice your linguistic versatility by turning other on, whispering, moaning, speaking Russian, French, Spanish, Italian or Esperanto... ¡Todas las lenguas sucias son bienvenidas!",Adults,Garden of Joy,,,Garden of Joy,2026-07-08,18:00,60,No,1,Approved,2026-06-08 18:25:24,Eva & Afrodita
df157967-64a4-49f4-bdae-1485f8b6577b,Naked Party,"Leave your costumes, labels and layers behind. Join us for a playful, body-positive gathering where nudity is celebrated as a form of freedom, equality and radical self-expression.
Dance, connect, laugh and enjoy the simple joy of being exactly as you are. Respect, consent and kindness are the only things required.",Party,Glowy Owl,,,,2026-07-08,18:00,120,No,1,Approved,2026-06-08 21:34:48,Bleuveine
9f0f4513-28f1-48ab-a030-bad551acbaa1,The Dragon is Elsewhere (activité en français),"Initiation au jeux de rôle et au théâtre d’improvisation dans lesquels vous allez vivre une aventure par notre narration et vos choix détermineront la suite de l’aventure ! 
(activité animée en français)",Chillout,Ran'Dome®,,,Big dôme,2026-07-08,18:00,90,No,1,Approved,2026-06-08 18:12:01,Green Lovejoy
8ec462a1-e25b-4133-a9ea-8228a7287ae3,Make men* suffer - cock and ball torture <3,"Learn how to safely inflict pain on dicks and balls, with and without tools. Will have a theoretical and a practical part, you can come alone - no guarantee to practise.",Adults,Come & Play,,,Thunderdome,2026-07-08,18:30,90,No,1,Approved,2026-06-05 21:26:52,Ela & Tomer
0a516c72-70ff-4d26-af9c-74d1ed75bffa,Blues Dancing,"Introduction to partnered Blues Dancing. Enjoy the connection with a dance partner and with the music! We'll rotate partners, but you can also come as an exclusive couple.",Adults,sssh!,,,outside the sssh! Dome,2026-07-08,18:30,60,No,1,Approved,2026-06-04 13:49:23,Thomas
46c5a0d7-33b5-4c01-b24f-e0688df3d552,Tantra massage for beginners,"Explore the four different elements of Tantra Massage: Earth, Air, Fire and Water. A sensual and fun way to connect and explore. Come with a partner or find one outside!",Adults,sssh!,,,sssh! Dome,2026-07-08,18:30,90,No,1,Approved,2026-06-04 13:49:58,Gustaf
3ca254ca-f525-4038-a996-6fd89c58459c,Impact jam,"A dedicated space to practice, learn, and explore impact play in all its forms. Whether you're a curious beginner or an experienced player, come swing a flogger, crack a whip, exchange skills, or experiment with new techniques. Impact toys will be available to borrow, or bring your own favorites. Consent is at the heart of the space, with experienced angels on hand to support participants and help keep everything safe, respectful, and fun.",Adults,Glitch,,,Glitch playroom,2026-07-08,18:30,120,No,2,Approved,2026-06-04 22:34:21,Meow 
9ea083a2-091f-46db-931b-e6a3af4ccca2,The Five Seconds Workshop (duration: 5 seconds),"Workshops are the foundation of the classic Elsewhere (an event happening for the first time ever) experience. Let's get straight to the point: You have a lot to do, and so do I. With this workshop, we’ll tick off the to-do item of attending at least one workshop early in the week and with minimal time investment. Reading this description already took you longer than the workshop will. Attendance only counts if you're there from beginning to end.",Workshop,,NoInfo,Doreen,,2026-07-08,18:30,15,No,0,Approved,2026-06-07 15:08:20,Doreen
9697a8b5-ba96-4d69-95a4-a18a9f796fbf,Clandestine Dinner,"An inter-camp conspiracy of connection, cuisine & farandula 🌙
Hidden from the chaos and clamor, a few kindred camps conspire for magic. You're invited to a clandestine culinary experience: a multi-camp Secret Supper at an undisclosed location on the playa.
No signs. No address. Only those in the know — or willing to follow subtle clues across the dust — will arrive. 🔥
Want a hint? Come early, ask at the yellow southwest square. Bring a Plate",Food and drink,,Somewhere on the Playa,Zion,Somewhere in Elsewhere,2026-07-08,18:30,120,No,0,Approved,2026-06-08 17:46:29,???
f5a93340-3ccd-49c0-b7c8-ca1b5568574e,Talk: Let's Talk About Polyamory,"Two polyamorous partners share their story — the evolution from libertinism to polyamory, what they've learned about themselves and their queerness, the challenges (being left out of the polycule, the dramas — all in their heads?), and how they keep becoming more loving every day. Questions very much encouraged.",Workshop,Peach Please,,,Dome,2026-07-08,18:30,60,No,1,Approved,2026-06-08 11:42:32,Gaëlle & Raphaël.le (EYAO)
37b8ca99-20c2-4b50-9f09-6a002366ffa7,Golden Hour Art Tour,"Officially escorted by official Everywhere Art Council Team(!) –  Join a sunset pilgrimage across the playa to witness this year's creations, eavesdrop insider art-admin goss, collect inspiration, and gain highly questionable access to the Art Team of Elsewhere.  Recruitment for 2027 may occur accidentally. Note: approximately 2,460 emails were sacrificed in the making of this year's art coordination. Optional fire-jumping on departure. ",Other,,Flaming Trampoline,Annelies,,2026-07-08,19:00,90,No,0,Approved,2026-06-06 11:23:15,Art Team (Elsewhere)
86b6a298-c61f-45b3-94e8-b9379f973c18,Trust obstacle course ,Come in a pair and one person will direct the blindfolded other through an obstacle course.,Other,Mercurial Retrogrades,,,Mercurial Retrogrades,2026-07-08,19:00,60,No,1,Approved,2026-06-06 20:55:55,Beatrix
8af9b594-4072-4048-993a-e19f9d85cbf2,We Olive You So Much: A Playa Feast,"Hey dusty family, the Olive Odyssey crew wants to feed your beautiful faces with a mouth-watering Mediterranean feast right here in our barrio! Grab your trusty bowl and cup, bring your wildest playa stories, and let us fill your bellies. ",Food and drink,Olive Odyssey,,,,2026-07-08,19:00,180,No,1,Approved,2026-06-04 20:55:54,Olive Odyssey Camp
dc3b608a-70c5-4263-a93d-68155ccb1c5d,Ecstatic Dance,"An immersive ecstatic dance journey that weaves together organic rhythms, world music, tribal grooves, downtempo and psychedelic soundscapes.
It invites participants into a deep exploration of emotion, and presence, guiding dancers through waves of grounding, expansion, release, and celebration through the power of music and movement.",Party,Here & Meow,,,Beduina,2026-07-08,19:00,120,No,1,Approved,2026-06-08 21:31:05,Elise
791c2c49-018a-49ef-9012-73655c087677,"Shibari for true Beginners, One-rope shibari & Jam","Have you always wanted to explore shibari but felt intimidated by its technical side? This workshop is designed for beginners who want to get started in a fun, relaxed way. You'll learn the essential skills needed to enjoy rope with your partner, discover the versatility of one-rope shibari, and finish with a guided free practice session (or 'jam') to experiment.",Adults,Le Gratin,,,Chillroom,2026-07-08,20:00,120,No,1,Approved,2026-06-06 02:01:03,Jess
6417dfff-bb5e-4526-b97c-56eab0b8c1dc,"Two boys, one girl ","This workshop is about creating opportunities for consensual threesome connections, for mascs,fems and thems. Whether you're dreaming of 2 boys, 1 girl or any other threesome dynamic, except Cishetmen + FF. Come curious, playful, and open to exploration. Phase 1: Find your match. Phase 2: Do your match

The 2 facilitators will actively participate in the workshop alongside everyone else. 2 angels will also be present to watch over the space.",Adults,Le Gratin,,,Playroom,2026-07-08,20:00,120,No,1,Approved,2026-06-07 13:29:36,Charlie & Alicia
676b4155-c18b-4587-bd12-8b22d72b1ecc,Massage : the Colors of Eros. A journey into sensuality and playfulness,"Come in pairs. This workshop is going to be an exploration of the different kinds of energies you can bring into touch, symbolized by colors. It's going to give you a lot of ideas on how to ignite and attend to someone else's pleasure.",Adults,sssh!,,,sssh! Dome,2026-07-08,20:00,90,No,1,Approved,2026-06-04 13:50:42,Isa Devi
9e652b4f-3903-4cce-985c-b6e1c80a5c35,Open Mic,"SHOW US WHAT YOU GOOOOT. Put your name on the list. Do you thing. Let us know if you want to perform, so we can save a space for you ;)",Other,JamHouse,,,,2026-07-08,20:00,300,No,1,Approved,2026-06-08 07:40:24,Esben
4c1ff2ea-aa0a-4ad6-b8a1-a955a5889cbb,TEKILAAAAAAAAAAAA,"Dance on ""Tekila"" song, then get some Tekila (or water), but only when the song say it !!! (Random event)",Party,Mercurial Retrogrades,,,Where you can hear the Tequila song,2026-07-08,20:00,60,Yes,1,Approved,2026-06-08 09:43:17,Pareille
4c1ff2ea-aa0a-4ad6-b8a1-a955a5889cbb,TEKILAAAAAAAAAAAA,"Dance on ""Tekila"" song, then get some Tekila (or water), but only when the song say it !!! (Random event)",Party,Mercurial Retrogrades,,,Where you can hear the Tequila song,2026-07-09,20:00,60,Yes,1,Approved,2026-06-08 09:43:17,Pareille
4c1ff2ea-aa0a-4ad6-b8a1-a955a5889cbb,TEKILAAAAAAAAAAAA,"Dance on ""Tekila"" song, then get some Tekila (or water), but only when the song say it !!! (Random event)",Party,Mercurial Retrogrades,,,Where you can hear the Tequila song,2026-07-11,20:00,60,Yes,1,Approved,2026-06-08 09:43:17,Pareille
19c36391-3c0a-45fc-9d01-8d60fb7a0bea,Forest bathing in the desert,"Time to pause, breathe, notice and appreciate. We immerse in nature in a guided slow walk that we connect with our senses, away from noise and into the beauty of silence, touch, soft light and desert nature. This is the time for you to connect with the desert and yourself and calm your nervous system. Come to find peace and beauty! Note: there is no forest and no bathing included in this activity! Bring your water and curiosity!",Spiritual / Healing,Camp Cambio,,,,2026-07-08,20:00,120,No,1,Approved,2026-06-07 23:49:08,Fofi
17cb0c1a-a2c7-42e2-8567-b88213dd67dd,The Procession of the Golden Woman,"Wanna be part of a cult for only one night ? You have questions ? We have answers. 
Once a year, if the Nobodies have prayed enough, the Golden Woman rises from the Dust.
Join the procession as she crosses Elsewhere, bringing abundance to all who walk beside her. Offerings, songs, prayers and golden intentions are welcome. Spread the Gold, Join the Cult. 
",Spiritual / Healing,Barrio Espace,,,VIP,2026-07-08,20:30,30,No,1,Approved,2026-06-03 20:13:35,
29c11935-4e0d-4189-b028-b54ce4dca332,The golden party ,"The Golden Woman is back on the playa. The celebration begins. Gather beneath the golden glow for a night of music, dancing, and abundance. The Golden Woman will be among her followers celebrating abundance and truth of life. Golden attire is encouraged. Spread the Gold, Join The Cult. ",Party,Barrio Espace,,,VIP,2026-07-08,21:00,120,No,1,Approved,2026-06-03 20:10:20,
2a559266-bd55-4de8-8829-1856a2b9c5c7,Bureaucratic sunset,"have u ever dream to fill forms while the sun goes down? Join Our friendly TUL-clerks that will make you fill out fascinating forms, wait around just to send you back to your barrio, and then make you come back again. Yes! This is the paradise you dreamed of!  Come and tell our office workers to their faces all those nasty things you never dared say to your favorite bureaucracy office.”",Party,,Off-Ice,Lino,Please wait on the waiting-room,2026-07-08,21:00,120,No,0,Approved,2026-06-07 09:06:19,Job center
80b3d04e-2726-45a6-b664-a99591bb0678,Elise's birthday Temple of Love,"Step into a sacred space of connection, presence, and celebration as we gather for a special Temple of Love honouring Elise's 35 birthday. Through heart-opening encounters, authentic relating, touch, music, and shared presence, we create a container where vulnerability, playfulness, and intimacy can unfold naturally.",Adults,Here & Meow,,,Tipi,2026-07-08,21:00,120,No,1,Approved,2026-06-08 21:20:22,Elise
9de23ee5-f9e5-4d91-9525-c2eb2f3d32ee,(Indie) Pop Music Party,"Are you a fan of live music and aren't sure where to find it at Nowhere? Singer-songwriter, pink-pop-princess 'Alina' will be performing some covers and originals at the Middle Of Nowhere so come along to listen, dance, discover and enjoy",Party,,MoE - Middle of Elsewhere,Ania,,2026-07-08,21:00,60,No,0,Approved,2026-06-08 14:01:11,Alina
2c6653fa-420a-47f8-9666-961bd803a5a0,Great Desert Wedding ,"Come dressed for a wedding. Yes, for a collective wedding ceremony where everyone is invited, everyone belongs, and everyone is part of the celebration. Expect vows, absurdity, and dancing! Till Sunset Do Us Part. ",Party,Mooncows,,,MoonCows Lounge ,2026-07-08,21:00,60,No,1,Approved,2026-06-08 00:03:00,Sagira 
5d010aeb-2580-404e-a4f1-14729e659519,British Museum guided tour,"Missing an art piece that belonged to your beloved barrio culture? You should have perhaps taken a little more care. But don't you worry, you can admire it in its rightful place. We will be delighted to give you a tour of our discovered treasures, along with with the stories of their origin. Did we fact check them? Good heavens, no.  
",Workshop,Planet Pulpo,,,The British Museum,2026-07-08,21:00,60,No,1,Approved,2026-06-26 09:18:27,Rodrigo
21031452-abac-4233-b578-d908bedde65f,Aprons and Flowers ,"An evolution of ancient garden tradition, this year we bring you a floral banquet of bare asses and tasty delicacies, dancing all night in a sea of booty and beauty. Bring your asses and your best flowers! We will offer food and Free drinks till it last. Start the night, where the party will be! Powered by Funktion One Soundsystem!",Party,Garden of Joy,,,Garden of Joy,2026-07-08,21:00,480,No,1,Approved,2026-06-08 22:39:11,Garden of Joy
c1c2f8ea-0645-4c61-b7eb-ceeb54f39b80,sensual caressing meditation,"From the Osho school of Tantra, it is a gentle and loving exploration of touch and awareness. It is done with a partner and has sensual elements but is not explicitly sexual.",Adults,sssh!,,,sssh! Dome,2026-07-08,21:30,150,No,1,Approved,2026-06-04 13:51:51,Midnight
7179ff96-1cee-49b2-b464-25f6aa0560a9,Volunteers meetup and party,"Do you do too much during the year or just one shift during the event ? It doesn't matter, you make elsewhere possible ! Come and meet the rest of the crew at Werkhaüs !",Party,Werkhaüs,,,Werkhaüs,2026-07-08,21:30,120,No,1,Approved,2026-06-07 19:56:12,
de95a358-77e2-4e8e-abab-16419ccb387c,Free Art Tour,"Why visit le Louvre, when the best art pieces are right in front of you on the playa?

Join our free walking tour for the answers that you didn't know you needed, to all your questions that you didn't think you had. We’ll share real and less real facts whilst strolling the playa. Leave slightly more informed and pleasantly confused.

Meet in front of Camp Cambio and look for a beautiful umbrella. And don't forget to bring a pretentious drink.",Workshop,Camp Cambio,,,,2026-07-08,21:30,90,No,1,Approved,2026-06-07 23:53:36,Snatser & Ketanina
78c6d4e1-4e2a-49b3-be63-d82d3a0c6587,Sloth Orgy,"Let's...get...it...hot...in...here... !
We...sloth... usually...like...to...rush...things...but...this...orgy...will...be...slow...and...sensual. Prepare....for...
Oh...is...it...already...over ?",Adults,Le Gratin,,,Playroom,2026-07-08,22:00,120,No,1,Approved,2026-06-06 02:11:00,Albi
fb399014-b060-4213-9cfe-2d792801cc4c,Thunderdome Trampoline,"Still stressed from build? Need to let of some steam?
Let's have Madmax Thunderdome style  fights on the trampoline! Bring out your dark sides (appropriate attire welcome)!
""Two burners enter, one burner leaves!""",Spiritual / Healing,,Flaming Trampoline,Ole,,2026-07-08,22:00,120,No,0,Approved,2026-06-02 22:24:28,The Flaming Trampoline Engineers
d8ff4293-0161-4e92-9991-564d70b7cef2,Kinky Techno Circus ,"Welcome to our one night kinky rave galore. Think of this as Nowhere's version of your favorite kink event, garnished with some fine up-tempo electronics. Bring your outfits, tools, and longings. Get deep on our dancefloor and explore our play space. It's up to you how far you go - but always remember, the circus comes to town for one night only ! ",Party,Glitch,,,Dancefloor x playspace,2026-07-08,22:00,240,No,1,Approved,2026-06-02 23:27:02,Glitch
76b4dba6-759a-4e55-a056-9d3c3fe5faed,THE Guided Play Party ,"For new and experienced sexy humans alike, we start with simple icebreakers to build comfort and connection, then open into a safe, consent-led environment for play, curiosity, and kink. Expect a mix of lightness and intensity, always grounded in respect and boundaries. All welcome. Couples prioritised; singles can join the line. We’ll include as many as possible while preserving the mix. Please bring a towel.",Workshop,Yes!,,,Dome,2026-07-08,22:00,90,No,1,Approved,2026-06-05 18:08:21,Judge and Nancy
9dff9c12-1924-43bb-b717-b26571c4a1af,Outer Limits (DJ Set),"Outer Limits - Weird Dance Music bridging Electro-Art-Pop and Leftfield Electronic music; Dance into an Unknown Future (feat the likes of Mandy Indiana, Deaths Dynamic Shroud, Fever Ray, Jockstrap, PVT, Autechre, Death Grips, et al)",Party,Barrio del Sol,,,,2026-07-08,22:00,90,No,1,Approved,2026-06-06 20:51:09,Jamez
d7c65ba9-4799-474f-93af-b9980ea50eaf,Queer Strip Club,"A mixed-gender queer space (no cishet people) for practicing lap dancing, striptease, and negotiated sexuality",Adults,Come & Play,,,Thunderdome,2026-07-08,22:00,120,No,1,Approved,2026-06-05 21:26:52,phaune
1679be3e-c58a-499e-bfcd-81269d208b77,Foxes & Hounds,"The Foxes are cunning, quick, and already three steps ahead of you. The Hounds are relentless, hungry, and very motivated to catch up. Think you can outrun them ? Think you can catch them ? Two teams. One desert. Zero mercy.",Adults,Come & Play,,,Open Space,2026-07-08,22:00,90,No,1,Approved,2026-06-05 21:26:52,Vari
4e39fd7b-dc16-4c39-9ce2-a61cdefc33a2,Crystal Love Ceremony,In our annual ceremony we will guide you on a path to experience the bittersweet taste of pure joy and happiness as a connected group. We will start with an intro about what to expect before continuing with music and connecting exercises. Afterwards you are welcome to enjoy the party in the Wohnzimmer or free to wander into the night. Pass by before if you are unsure what to expect.,Spiritual / Healing,Desert Dessert,,,,2026-07-08,22:00,120,No,1,Approved,2026-06-06 23:50:59,Chris Tal
16025fc9-fe38-492e-872c-492a57d86bc2,ABCD° Orgy,"°All But Cis Dudes are invited to our ABCD Orgy. We co-create a spicy and safe space to get us all (consensually) going, wherever sparks and mutual desire may lead. Women, trans women, trans men, non-binary people — all welcome! (Cis = lives and identifies with the gender assigned at birth.)",Adults,Peach Please,,,Dome,2026-07-08,22:00,180,No,1,Approved,2026-06-08 11:42:32,Miriam & Leaf
07fd8881-74d4-4481-8bc4-7da26b7122f1,Neon Bodypainting,"Ignite your inner glow and let your creativity run wild under the stars! Step into our neon sanctuary to transform your skin into a vibrant, glowing masterpiece of light and color. Grab a brush, connect with others, and become a living canvas of the night!",Workshop,Garden of Joy,,,Garden of Joy,2026-07-08,22:00,120,No,1,Approved,2026-06-08 18:22:24,Mar
73621ac5-b4ff-4a7e-bd43-4fb34a781091,Glowy's world tour,"Follow the flight of the owl across borders, cultures, and rhythms. Guided by the sounds of distant lands, we journey through organic grooves, ancestral beats, and modern global vibrations.",Party,Glowy Owl,,,,2026-07-08,22:00,300,No,1,Approved,2026-06-08 21:33:47,Glowy Owl
65e6a3ec-5fb6-48b9-a5c3-89f1d5affd7a,Happy Artificial Dancefloor,We provide the sound beyond the burner mainstream. Speaking of stream: You can wet your whistle at our bar made from italian design furniture. ,Party,Desert Dessert,,,,2026-07-08,23:00,480,No,1,Approved,2026-06-07 00:51:33,Crystal Management
57dec86d-445f-4fac-b838-d02d97a4ac3f,Cosmic Love,"Step into Cosmic Love. Let yourself melt into the music: Fluffy beats, sparkly vibes.",Party,Curious Creatures,,,Curious Creatures - Dome,2026-07-08,23:45,240,No,1,Approved,2026-06-08 23:29:53,Curious Creatures
f34e1d66-9ebb-4843-ab09-5242438754d0,Psychedelic Breathwork,"Join a journey where breath is the key to elevate. It’s an intense one-hour drug free workshop, in which one can feel the effects of deep relaxation and dreamy feelings (almost like on psychedelics!), only with breath and suggestion. 
(The workshop might be done mainly in French)",Spiritual / Healing,Glowy Owl,,,,2026-07-09,00:00,60,No,1,Approved,2026-06-08 13:19:11,Hibou
0f85e43a-fd47-4d1f-b5bb-5aec77a8cbf9,Instant noddles,"Come enjoy a comforting bowl of instant noodles in the middle of the night, topped with extra ingredients. Suitable for vegetarians, those with gluten intolerance, and chili lovers",Food and drink,Ran'Dome®,,,Saloon,2026-07-09,01:00,60,No,1,Approved,2026-06-07 21:07:38,Didine
5e93e750-4369-44d4-84ac-c1a05bc0e4bc,Elsewhere Marathon,"Early morning 42,195 km run around perimeter (10 km x 4) and across the playa. Run whatever you want, one lap or more, or just a few meters. Start and finish line at Pink Poney Paradise. Costumes welcome. Theme of the year : pink up your life ! Supposed to start at 5 AM, ending around 9.30 AM. After party with fresh beers and free gurkins. ",Chillout,Pink Poney Paradise,,,Pink Poney Paradise ,2026-07-09,05:00,270,No,1,Approved,2026-06-04 08:29:52,Obsidien 
ec967569-25b2-4563-b867-f0605eccc749,"Breath, Body and Stillness","This workshop begins with heart coherence breathing, using a steady rhythm of breathing in for 5.5 seconds and out for 5.5 seconds to regulate the nervous system and create inner balance. From this grounded state, it moves into trauma release exercises to help the body discharge held tension and stored stress. The session then closes with a stillness meditation, allowing space for integration, calm, and deeper connection within.",Spiritual / Healing,sssh!,,,sssh! Dome,2026-07-09,08:00,60,No,1,Approved,2026-06-04 13:52:28,Rob
ded794b3-dc5a-403c-aebf-39775d2c2f65,Desert Fitness,"Gentle morning reset with simple movement and stretching for people who are dusty, stiff, and under-slept. Less bootcamp, more humane reassembly.",Workshop,sssh!,,,sssh! Dome,2026-07-09,09:00,60,No,1,Approved,2026-06-04 13:53:04,Paul Ratzker
963fcb75-24a2-4f07-8e6c-6b753c19a680,"Gentle gymnastics, heart coherence, relaxation","Energy exercises, meditation, the ritual of the 7 Tibetans, breathing and Lenten movements.",Spiritual / Healing,sssh!,,,sssh! Dome,2026-07-09,10:00,60,No,1,Approved,2026-06-04 13:54:07,Olivier Maillet
6274ae2a-ae06-4967-8fe4-42d892d29185,Jugaton's Golden Cafe,"A shaded oasis of Turkish coffee, sweet herbal tea, dates, cookies, and desert hospitality.

Be welcomed by a golden oracle and receive a random blessing, prophecy, or quest for the day ahead.

Pull a tarot card, challenge a stranger to backgammon, or take a seat at the Royal Throne for a little foot pampering and royal treatment.
",Food and drink,Jugaton,,,Jugaton Salon,2026-07-09,10:00,90,No,1,Approved,2026-06-08 09:02:19,Noam & Amir
49f5e884-fad6-461b-9ba0-aee7c60e1394,Do you want to be Elsewhere?,"Nowhere you feel present? Come to our peer sharing circle on FOMO. Quick grounding, curious questions, and structured exchange organized in a small group. Let's help each other feel seen, connect, and make here and now the best experience.
",Workshop,EYAO,,,Eat Your Art Out,2026-07-09,10:00,90,No,1,Approved,2026-06-06 23:28:01,Maria
9ac64555-b605-4193-afb0-593c6654b229,Writing: a way to free your mind,"Whether you're a seasoned writer or a total newbie, this workshop is there to help you write and observe.

We want to show you that anything can become a story.

Observe and let this focus and your imagination overtake you. It could become:
A type of meditation to let your mind wander.
A deep dive into your own experiences and feelings.
A warm-up routine before writing your novella, novel, news piece or a script.",Other,Le Gratin,,,Chillroom,2026-07-09,10:00,60,Yes,1,Approved,2026-06-07 05:21:26,Mattie
9ac64555-b605-4193-afb0-593c6654b229,Writing: a way to free your mind,"Whether you're a seasoned writer or a total newbie, this workshop is there to help you write and observe.

We want to show you that anything can become a story.

Observe and let this focus and your imagination overtake you. It could become:
A type of meditation to let your mind wander.
A deep dive into your own experiences and feelings.
A warm-up routine before writing your novella, novel, news piece or a script.",Other,Le Gratin,,,Chillroom,2026-07-10,10:00,60,Yes,1,Approved,2026-06-07 05:21:26,Mattie
5233f044-e176-4197-9528-84372197fa7f,12-bar jam,"Do you know how to boogie-woogie? Learn what that really means, and play around with the ubiquitous 12-bar blues progression, the most useful riff to know for blues and old-school rock & roll.",Workshop,JamHouse,,,,2026-07-09,10:00,60,No,1,Approved,2026-06-08 07:40:24,Engineer Dave
cca1d99d-b271-491a-8a64-4ce8588c2532,Dance! But different. Connect to yourself through movement,"You love to move, but you don’t know dance steps, and really don’t care for strict rules anyway? In this morning-dance-meditation-combo you’ll listen to your body, wake it up fall into the connection with yourself, and maybe others. Yes, with music and No, no skills required.",Workshop,Mirage,,,Mirage Stretch Tent ,2026-07-09,10:00,90,No,1,Approved,2026-06-07 23:56:03,Paul
299aee7b-3084-4260-b665-ff486ad1eb26,Yoga reset,yoga reset,Workshop,Barrio Espace,,,,2026-07-08,10:00,60,Yes,1,Approved,2026-06-08 23:16:28,"Cha, Jade"
299aee7b-3084-4260-b665-ff486ad1eb26,Yoga reset,yoga reset,Workshop,Barrio Espace,,,,2026-07-11,10:00,60,Yes,1,Approved,2026-06-08 23:16:28,"Cha, Jade"
f1d05323-98ff-4468-87ba-58068b465d62,Healing Through Consent,"Ever had difficulties saying ""no"" to stranger or loved ones? Or uncomfortable in receiving compliments, or in receiving criticism? Come to this safe space where to learn and practice consent techniques that will allow to finally overcome everyday struggles. For everyone that feels ready to start listening their body and stop the chitchat in their mind.",Workshop,Wonderever,,,Wonder Carpet,2026-07-09,10:00,90,No,1,Approved,2026-06-28 14:07:58,Tomas
97441d23-5244-4d8e-adca-6c779b0ef736,Power pranayama ,"Breathing exercises to wake up and get activated. If you have, bring a yoga mat, if not something to sit on, also a water bottle with a small towel.
",Workshop,,MoE - Middle of Elsewhere,Ania,,2026-07-09,10:00,60,No,0,Approved,2026-06-08 14:06:47,Arnold
8df2ce2f-5022-46f4-9de3-f8b4eb64a681,Present Moment Meditation,"After the first magical nights, this space is an invitation to fully arrive and reconnect with the present moment, to experience life more deeply and consciously.
We’ll gently wake up together through presence, breathing, and body awareness, a soft reset to feel more grounded.
Then we’ll open a sharing circle to explore how presence can support everyday life.
No experience needed. Come cozy, dusty, sleepy, curious, exactly as you are.",Spiritual / Healing,Camp Cambio,,,Main tent,2026-07-09,10:00,60,No,1,Approved,2026-06-30 08:48:25,Isabel
0a52dfba-c896-401d-bdf2-2b1f5ac2f5fd,Yoga with Cacao - Grow the Heart,"An invitation to explore asanas, breath and stillness. Create freedom in your body through twists, upper chest opening and sounds. Flow to feel good and reconnect to yourself. Yes we'll drink Ecuadorian Cacao! Not a ceremony. Max 15 Nobodies. Bring your cup, body and smile. ",Workshop,Here & Meow,,,Beduina,2026-07-09,10:15,120,No,1,Approved,2026-06-04 19:09:13,Morgan Rosario
63052677-4ba2-4ff0-be42-40bd5174d607,Qi Gong,"Start your morning by breathing deeply, streaching gently, and easing into the day. Join us for a soft and energizing wake-up session before taking on the day. No equipement or experience required !",Chillout,Belly Town,,,Belly Town,2026-07-09,10:30,60,No,1,Approved,2026-06-04 15:03:50,Eli
d2eaae4c-2fcd-45db-925d-256a9daf1df4,Deepthroat from a receiver point of view,"Join in to exchange and perform along the concepts, techniques and feelings associated with providing spot on pleasure for the pleasure of providing it and providing it in knowledge of key locations, associated pressure, pace and depth",Adults,Come & Play,,,Thunderdome,2026-07-09,10:30,60,No,1,Approved,2026-06-05 21:26:52,Nico
a7a31179-4f76-4810-9955-4adb369b771e,Random Workshop,"Come and join us for a random workshop. We do not yet know what we will do. Maybe YOU end up giving a workshop, maybe you regret this decision for the rest of your life, but that is rather unlikely",Workshop,Mercurial Retrogrades,,,Mercurial Retrogrades,2026-07-09,11:00,60,No,1,Approved,2026-06-03 22:47:42,Christine
ef7035a9-1022-416d-a624-e6389b603971,Open talk on Microdosing,"Come and ask your questions about Microdosing, or share your personal journey on how tiny things can have a big impact :)",Adults,Ran'Dome®,,,Saloon,2026-07-09,11:00,60,No,1,Approved,2026-06-07 20:58:03,Armel
e448288b-a086-41a9-8e63-1dfd7a1decff,Neck-shoulder massage,different ways of massaging / triggerpoints / how to communicate in massaging somebody and how to respond,Spiritual / Healing,sssh!,,,sssh! Dome,2026-07-09,11:00,120,No,1,Approved,2026-06-04 13:54:38,albrecht
23dd1622-dfd4-4bbb-bfe1-b540984d49ae,The body as an expressive being,A guided workshop to experience the thinking body. The score is to work on a topic that each participant chooses beforehand. Working in pairs they will explore the expressive possibilities that unfolds from this starting point. Music and silence will assist the process.,Spiritual / Healing,Bread & Tomato,,,,2026-07-09,11:00,60,No,1,Approved,2026-06-08 09:03:26,Máufrago
aa1419f2-0695-409e-b3d3-1a0d8440b070,Shibari : jam and discovery,"Everyone is welcome: solo participants, pairs, experts, beginners, and anyone who’s curious...
For those interested, we’re offering an introductory session where we’ll cover safety rules, how a session goes, and some basic knots.
For those familiar with shibari, there will be opportunities to play, chat, learn, and share experiences.
The idea behind this workshop is to adapt to everyone’s preferences and enjoy shibari together.",Adults,Le Gratin,,,Playroom,2026-07-09,11:00,120,No,1,Approved,2026-06-06 01:58:58,Aloïs & Rose
70c3564b-5c0a-435d-a7c6-21ca99c7f12c,Welcome to the Overthinking Club,"A cozy sharing circle for anxious humans and OCD minds. Come exchange stories, survival tricks, and moments of unexpected brilliance from our wonderfully complicated brains. Special Elsewhere edition.",Workshop,Belly Town,,,Belly Town,2026-07-09,11:00,60,No,1,Approved,2026-06-07 18:42:41,Natasha
64522a6c-9f84-4022-ad1f-8d98c5dd259b,Introduction to Non Violent Communication,"If you are interested in truely understanding yourself and your dear ones better, this workshop is for you. Non violent communication is the art of empathic listnening and honest communication, a precious tool (and a wider approach to life if you embrace it fully) to live more in peace with yourself and with everyone else that sourrounds you: family, friends, collagues. ",Workshop,Olive Odyssey,,,,2026-07-09,11:00,120,No,1,Approved,2026-06-07 19:26:09,Irene
76eb9b8a-c478-4847-83c6-73ced6fa0430,The morning reset	,"Dust, dancing, and late-night adventures… is your body starting to feel the Nowhere magic a bit too much? Give yourself a moment of pure restoration at Barrio Espace to realign your energy. This session uses somatic release techniques, meditation, and intentional breathwork to clear the dust from your mind and body, providing the ultimate Thursday reset to help you thrive for the rest of the week.",Workshop,Barrio Espace,,,,2026-07-09,11:00,60,No,1,Approved,2026-06-08 23:17:44,Babeth
5581cc2f-faef-4199-8f46-2e0890b07499,Naked Contact Improvisation,Contact Impro is a type of dance where the movers engage in a point of contact and flow from one point to another - no steps required. Let's practice it free of clothes boundaries.,Workshop,Yes!,,,Dome,2026-07-09,11:30,90,No,1,Approved,2026-06-05 18:08:21,Niv (Kippi)
1f4bbfd2-8a24-4658-93da-23a101446fe9,Connecting our souls through mindfulness,"Join us for a journey into presence, connection, and shared awareness. Through guided meditation, music, and interactive partner exercises, we'll explore how mindfulness can help us move beyond the noise of our thoughts and connect more deeply with ourselves and one another",Spiritual / Healing,Yes!,,,Mr Stretchy,2026-07-09,11:30,45,No,1,Approved,2026-06-05 18:08:21,Borja
9824ab62-8d00-4e68-b1f1-efb04d8fc46c,1001 ways to choke your lover(s),"Do you love a hand on the throat ? This workshop is for those who want to experiment a bit further than that, with advice on how to do it as safely as possible.",Adults,Come & Play,,,Open Space,2026-07-09,11:30,60,No,1,Approved,2026-06-05 21:26:52,Oni
8b715654-4509-4008-b7b4-d57ad94e54df,Dis-balance gender,"This society is full of stereotypes. Those in power love to put us into boxes so they can tame and control us. It’s time to break free from every cage and embrace new identities. Feel free to come as whoever you want to be. Bring clothes, accessories, or objects that can help you transform and play.",Adults,Come & Play,,,Thunderdome,2026-07-09,11:30,90,No,1,Approved,2026-06-10 12:17:21,Lila
11daefbb-a47e-4e98-beaf-0662c68c81b7,Sex-Po Charades: Flirt & Mime It Out,"Silly, playful or naughty Charades with a sex positive tarot deck. Come guess, act, watch. There will be for all!",Adults,Hyperflow,,,Dome,2026-07-09,11:30,60,No,1,Approved,2026-06-06 14:33:01,Baptiste
1bfc63ae-da12-407f-a1c3-1f2d93e26230,Animal Movements Calisthenics,"Calisthenics is derived from Greek and means ""beautiful stregth"". In this form of training, your body serves as your primary training tool.

The goal is not to perform impressive looking poses, it's a fun and challenging way to coordinate and engage all your muscles.

There're exercises for individuals, partners, and groups.",Workshop,Curious Creatures,,,Curious Creatures - Dome,2026-07-09,11:30,45,No,1,Approved,2026-06-08 16:59:48,Robinson
3d60e426-c261-44cb-af48-56e820a741f7,Pulpo Spa,"Is it starting to become difficult to know where your body ends and the dust begins? We're proud of you for making it halfway through the week. Why not treat yourself to a pick-me-up and come get treated and pampered at Pulpo. We will be offering hair washing, massages, face masks, and really anything we can to help prepare you for another few days of madness. ",Chillout,Planet Pulpo,,,,2026-07-09,12:00,180,No,1,Approved,2026-05-26 13:32:03,Humberto
d5253931-3078-4274-ab05-a0ffbb7a5a2e,Some Like It Hot,"Extreme Hot sauce contest with prizes for the brave winners. Do you love spicy? Come and get some! A hot classic for all publics, a freak show with hot sauce tasting from mild to extreme. Who will be the Queen of the hot salsa this year?",Food and drink,Bread & Tomato,,,,2026-07-09,12:00,60,No,1,Approved,2026-06-05 16:46:22,Deif & Kukurruku
b00d47a9-1583-4417-b1a9-0234e3bc561a,Kinky Gym,"Rise and grind, and lube up those…joints! It’s time for Kinky Gym, a cheeky morning workout where fitness meets kink. 

Sweat, giggle, and maybe get lightly spanked - all in the name of “exercise”.
",Workshop,Jugaton,,,Jugaton Salon,2026-07-09,12:00,90,No,1,Approved,2026-06-06 09:57:47,Jugaton Crew
dacf2fe8-d269-4f8c-8d9a-8b8723b03f66,GÜNTER YOGA,"I am GÜNTER, internationally respected yoga expert and magnificent physical specimen.  Join GÜNTER for vinyasa journey of powerful poses, focused breath and partner yoga of exceptional sophistication. You attempt balance. You attempt flexibility. Maybe you succeed. GÜNTER remain skeptical. My class not sexual, but maybe I use my whip if you do wrong!",Adults,Wonderever,,,Wonder Carpet,2026-07-09,12:00,60,No,1,Approved,2026-06-06 19:26:59,GÜNTER
03af326f-1702-4ae5-949a-cb251de850cb,Sharing Circle,"It's mid-burn and whether it's your first time or the 10th, you probably experienced a lot, got inspired a lot, felt a lot and so if you want to share and hear what others have to say - come join!",Spiritual / Healing,JamHouse,,,,2026-07-09,12:00,60,No,1,Approved,2026-06-08 07:40:24,Tia
20f87f70-9f1e-4d45-b3de-9c47f7a81e4a,Après-Ski Party,"You spent all day shredding absolutely no slopes. Now it's time for Après-Ski. Join us for an afternoon of alpine luxury in an environment completely lacking mountains, snow, ski lifts, or any legitimate reason for ski culture to exist. Wear your finest ski goggles, vintage snow gear, faux-fur jackets, thermal underwear or whatever winter fashion survived the trip to the desert. Hot beats. Cold drinks. Questionable European club energy.",Party,,The Slutty Penguin Bar,Spacefish,The Slutty Penguin Bar,2026-07-09,12:00,90,No,0,Approved,2026-06-08 21:28:22,Rumor and Spacefish
6c038170-64fd-4530-bba0-186a76d084a8,Little Playground,"Curious about ageplay and want to know what it is?
Suspect you have a little or caregiver personality?
Want to meet other ageplayers or just play? 
We're hosting a sweet meetup for everyone curious about our favourite kink.  
- Q&A about everything ageplay 
- Show & Tell: Bring your favourite toys and games
- facilitated group activities and games 
THIS IS A ROLEPLAY WORKSHOP FOR ADULTS",Adults,Curious Creatures,,,Curious Creatures - Mansion,2026-07-09,12:00,120,No,1,Approved,2026-06-08 16:53:20,Fenix & Lani
41244537-5243-4ee8-9707-3b6ead0b5220,Lingvo de Amo: Esperanto,"Ever wanted to speak a language created to bring people together? Esperanto unites open-hearted people all over the world through travel, culture, and human connection. Come and share a fresh beer and discover this beautiful, playful, easy-to-learn language with fellow burners, wanderers, and curious souls. Lingvo de amo. Venu malkovri ĝin. (Yes — that’s Esperanto too.)",Workshop,NoBarrio,,,NoBarrio,2026-07-09,12:15,60,No,1,Approved,2026-05-26 12:20:23,Belo
47f8fb8c-ed2b-4473-bbca-423fb636e289,∞ LATIHAN: Moving in the Unknown ∞,"What happens when we strip away the costumes, looks, and visual judgments? Drop the armor and meet your fellow Burners in the dark. Blindfolded, we step into the unknown to experience pure, unfiltered connection. Stop looking, start feeling.
Bring: Blindfold/Scarf. 18+",Adults,Curious Creatures,,,Curious Creatures - Dome,2026-07-09,12:30,45,No,1,Approved,2026-06-08 12:16:30,Blossom
2ea4e034-376f-47be-8b95-52d0480a38c6,Yoga for better Sex,Yogis have more fun. This Yoga class opens your body in the right places! Improve your athletic skills to become the best lover on the playa,Workshop,Here & Meow,,,Beduina,2026-07-09,12:30,60,No,1,Approved,2026-06-07 22:07:37,Goldie
022c94f3-56f8-4743-8c70-d56c2309f75d,Present moment meditation,"""After the first magical nights, this space is an invitation to fully arrive and reconnect with the present moment, to experience life more deeply and consciously.
We’ll gently wake up together through presence, breathing, and body awareness, a soft reset to feel more grounded.
Then we’ll open a sharing circle to explore how presence can support everyday life.
No experience needed. Come cozy, dusty, sleepy, curious, exactly as you are.""",Spiritual / Healing,Camp Cambio,,,,2026-07-09,12:30,60,No,1,Approved,2026-06-07 23:49:46,Isabel
342c15aa-a97f-4d08-b91a-4143307c0c7b,K Olympics Protest,"PROTEST ALERT: Middle of Nowhere — Thursday 12:45. Join us to stand up for equine dignity. Demand fair treatment for horses, independent judge testing, and an end to exploitative performances. Neigh means neigh. #FreeTheHorses
",Other,Yes!,,,,2026-07-09,12:45,30,No,1,Approved,2026-06-06 09:19:36,PETA Elsewhere
ee187e89-b240-4b71-8b18-cad36dfd888d,Dating in the Dark!,"A Speedy Blind date, jump into this bubble and experience someone by listening as you get closer. (Limited blindfolds BYO if possible :)",Adults,sssh!,,,sssh! Dome,2026-07-09,13:00,60,No,1,Approved,2026-06-04 13:55:20,Noemi and Daniel
10cbd2bb-ca79-4c19-86b7-64d7f967fe03,Vipassana Couple meditation,"Inspired by the teachings of Huma and Mukto, this intimate workshop for couples explores Vipassana meditation through presence, eye contact, and vital energy connection. In a safe and conscious space, participants will deepen intimacy, awareness, and energetic connection.",Adults,Olive Odyssey,,,,2026-07-09,13:00,60,No,1,Approved,2026-06-04 20:53:10,Amano & Antaria
fea3e809-9523-47a6-9e7d-df7a91a6783b,Turn Men into Furniture ,"The male kind are struggling with purpose in this modern world, but we have the solution. Men, come to this workshop and find your new calling as a side table, sofa or rug. Allow the female kind to relax and enjoy your stability and strength. ",Adults,Shenanicamp,,,Shenanicamp,2026-07-09,13:00,60,No,1,Approved,2026-06-09 12:12:36,Becca & Marius
a7b5e193-0a22-4cb2-8444-a4ebd8621ff9,Prepare an act for the cabaret!,"Want to perform in the cabaret but not sure what to do? Come join us for a collaborative creative prep session to co-create something unforgettable. All ideas, art forms and levels of talent are willkommen, bienvenue.e and welcome! ",Workshop,EYAO,,,,2026-07-09,13:00,120,No,1,Approved,2026-06-25 12:45:54,Jacob & Haris 
550f8188-ca12-4422-b882-c20ddd72ffdb,THE Olympics,"The Fifth and Final Olympics from you friends @ Yes!  If you Know, you Know, otherwise asK someone who's been in previous years because reasons...  Slots open for a few contestants, apply in advance.",Adults,,MoE - Middle of Elsewhere,Ania,,2026-07-09,13:00,120,No,0,Approved,2026-06-08 14:09:54,Peter
5bfa8751-af9c-4686-a4e6-8385e7bd9e4c,Poppers and Snogging,"Join us for a guided tour into the world of poppers! Participants will sample a variety of poppers, with optional snogging and provide feedback on their experiences. No prior experience necessary. Bring your own poppers if you would like to add to the mix.",Adults,Yes!,,,Mr Stretchy,2026-07-09,13:00,60,No,1,Approved,2026-06-08 11:35:41,Richie
4ae2e62b-44f8-4e6e-8c87-664c1edd8992,Desert Portraiture Walk,"Would you like to come home from Elsewhere with a professionally shot desert portrait? Well then this is your moment! Join me on this short photography walk (camera provided). Off the playa, we'll find a quiet spot and shoot with the dusty Nowhere hills as our backdrop. We’ll work together to diffuse the harsh sunlight into beautiful, diffused lighting. Any and all creative/silly ideas are welcome on this one! Please come with full water bottles.",Workshop,,MoE - Middle of Elsewhere,Vixin,Meet at MoE,2026-07-09,13:00,75,No,0,Approved,2026-06-08 02:28:31,Vixen
626f3104-6c54-4967-a874-789ed5426420,Dino station,"Dinos are back and just missing a touch of color, a name and a story to get back to life. Let's help them!",Workshop,Hyperflow,,,Chill area,2026-07-09,13:30,60,No,2,Approved,2026-06-06 15:03:45,David
c7300a38-d441-4c4f-a0b6-ad97e5ded14a,Vulva vino -Liquid love vulva owners only edition,"Let's get sensual together! Put on your blindfolds and enjoy a magical experience exploring our bodies with soft touch, lots of oil, trust and fun in a safe environment shared with vulva owners only. Please come showered and be on time.",Adults,Yes!,,,Dome,2026-07-09,13:30,150,No,1,Approved,2026-06-08 11:35:13,Hannah
fc15407a-08f9-4795-a6d3-c0fb38a4e319,Penguin Mating Rituals,"Scientists have observed many fascinating penguin courtship behaviors. Most of them involve presenting attractive rocks. Join us for an afternoon of flirtation, connection, and mildly embarrassing social experiments inside the coolest dome in the desert. Whether you're seeking romance, friendship, co-conspirators, or simply someone to hold your drink while you dance, this is your chance. Bring a rock if you're serious.
",Workshop,,The Slutty Penguin Bar,Spacefish,The Slutty Penguin Bar,2026-07-09,13:30,90,No,0,Approved,2026-06-08 21:55:36,Rumor and Spacefish
0dd76efc-dac1-4e3f-b2a6-749c8886ecc6,Nautical Knots,"Spend an hour learning how to tie beautiful, practical knots for everyday life! 

Workshop host has been sailing for 10 years and is excited to share the beautiful world of nautical knots. This skill is useful for almost every situation!",Workshop,Herding Cats,,,Herding Cats Camp,2026-07-09,14:00,60,No,1,Approved,2026-05-31 19:31:47,Nikolai
692795dc-5683-49cf-99b9-442bc46f008f,Cum and Make Sum Noise,"Workshops for partners of any age, gender, type of relationships - to practice using voice and noise during intimacy and sex. Get rid of the shame involved in being loud and proud",Adults,sssh!,,,sssh! Dome,2026-07-09,14:00,120,No,1,Approved,2026-06-04 13:56:06,Niv Ben-Yehuda
f9bbe70d-4acd-4087-b4f6-f4e96554181b,HFFM - Hot Female Foot Massage™ ,"Behind the slightly provocative title hides something surprisingly wholesome and very burner-compatible:
a playful and relaxing foot massage experience used as a memory anchor to explore and embody nine practical steps that can genuinely improve one’s sense of life, connection, and alignment.
It creates a lot of laughter, surprisingly deep conversations, and a few “wait… why is this actually making sense?” moments 😄",Workshop,Here & Meow,,,Beduina,2026-07-09,14:00,60,No,1,Approved,2026-06-04 19:03:40,Merlin
e997835d-45bb-4b67-bc4c-f04b149aff54,Tantra for beginner : What is Love?,"You feel intrigued by Tantra but never tried it or just want to practice this soft and loving art in the desert, come join us ! This workshop will be a platonic exploration and direct experience of this feeling we call Love. Though different steps, we will go deeper and deeper in feeling and (re) discovering what Love is !",Workshop,Olive Odyssey,,,,2026-07-09,14:00,120,No,1,Approved,2026-06-04 20:20:19,Julien and Océane
112e4418-ae4b-485c-9198-c94295198078,Shamanic Dream Journey,"A journey into the subconscious mind, through breath, sound and visualization. Participants will be taken on a journey into the Dreamtime and work on techniques that can be used for lucid dreaming and astral projection.",Spiritual / Healing,Wonderever,,,Wonder Carpet,2026-07-09,14:00,75,No,1,Approved,2026-06-06 19:50:39,Sriracha
66dbe55c-1a15-4c7b-bc0c-029c1bd5bc49,Pickleback Slapshots and Chokeslams,"COME GET BARRIO DEL HARDCORE!!! Want a slapshot? NOT SO FAST.  Show us your nonchalance at getting CHOKESLAMMED IN THE POOL, then show us your theatrical strength by doing the HARDCORE SLAMMING. Only those who impress our fierce judges will be inducted into our HARDCORE HALL OF FAME and receive the PICKLED WHISKEY SLAPPING GOODNESS. Hard rock and metal provided.",Other,Barrio del Sol,,,,2026-07-09,14:00,60,No,1,Approved,2026-06-06 20:52:02,Lucas
1801c6c5-db90-4483-98d1-e96899fd7aaf,Multisensorial Mosaic Mega Mystery Mission,"I was just trying to design a cheeky little game... but I accidentally created a mischievous mirror that reveals surprising truths about communication, collaboration, and collective confusion. Join the mission if you're into games, giggles, genuine connections, curious conversations, strategic silliness, topsy-turvy teamwork, colorful scarves, CNC lasers, delightful daydreaming, puzzling predicaments, or absurd amounts of adorkable alliteration..",Workshop,Hyperflow,,,Dome,2026-07-09,14:00,90,No,1,Approved,2026-06-06 14:40:53,Cappuccino
f39b8d7d-0544-42f6-89ab-14dc26a5569f,"YES, AND… YASSS! Queer Improv Theatre (Part 1)","Ready to shed your default-world skin and step into radical play? Drop the script and dive into the first session of a two-part queer improvisation journey. Through high-energy games, physical comedy, and spontaneous storytelling, we unlock absolute acceptance (YES, and…), radical presence, and cosmic connection. No theatre experience required — just bring your authentic self, your pronouns of the day, and your most playful energy.",Workshop,Peach Please,,,Dome,2026-07-09,14:00,90,No,1,Approved,2026-06-08 11:42:32,Ivan
e5a69e67-5fa4-4e66-a74f-de5c7fd839c1,Kinky Olympics,"Are you the Kinkiest Creature of the playa?! Come to our Curious Creatures dome, form your team of fellow kinky creatures and battle against other teams in various hilarious sexy challenges to decide who will win the Kinky Olympics of 2026! Don't want to participate but love to enjoy the priceless view? Become part of the public and we will make sure there's a whole lot of sexy, fun and cocktails!",Adults,Curious Creatures,,,Curious Creatures - Dome,2026-07-09,14:00,180,No,1,Approved,2026-06-08 12:21:51,Curious Creatures
5e760f9b-72f5-4130-802a-36b131c75025,The Kissing Lab,"Enter a seductive playground for curious minds and eager lips. As co-researchers, we explore the physiology of kissing — breath, rhythm, pressure, and response — through guided, lips-on “experiments”. Together we’ll test new techniques, feel deeply, and share discoveries as sensation unfolds. Consent, openness, and a hint of mischief required.",Workshop,Here & Meow,,,Tipi,2026-07-09,14:00,90,No,1,Approved,2026-06-08 13:13:58,Tanner Wells & Alvaro Gomez
86f0c862-4667-4f38-a6e8-6d4cd898ee2b,Electronic Nap,"A guided electronic daydream. Close your eyes and embark on an imaginative journey to meet your inner teddy bear. Ambient and downtempo sounds, introspection, comfort and gentle wonder await. Bring something cozy and surrender to the ride.",Chillout,Glowy Owl,,,,2026-07-09,14:00,90,No,1,Approved,2026-06-08 21:31:18,Marty
b21b1a46-2dcc-40cc-a182-5ba011c19851,Face Clothespin Challenge ,"Wanna have the best lifting of your life? Wanna create the most absurde face of the playa?
The Face Clothespin Challenge invites you to transform a willing and consenting face into a temporary sculpture using clothes pegs.
Come and test the limits of your face to achieve taut skin, firmer features and a result that cosmetic surgery would rather ignore.",Workshop,Garden of Joy,,,Garden of Joy,2026-07-09,14:00,60,No,1,Approved,2026-06-08 22:33:23,Morphée
662c2ff0-f933-4fa4-aac9-e57c5f1c587f,The Butt Battle!,"Weeeeelcome to the butt battle! The rules are simple: two of you stand in a circle, back to back. The goal is to push the other person out of the circle — but only using your butts. Hands stay along your body or behind your back. No shoulders, no elbows, no feet. Butts only. The last butt standing walks away with the spoils!  Readyyyy? ",Other,Yes!,,,Mr Stretchy,2026-07-09,14:30,60,No,1,Approved,2026-06-05 18:08:21,Lucas
21ab2276-6eab-4cc9-9add-800be13aca0e,Make your own flogger(s),Don't be caught short when you've found a naughty pony! Come learn how to make your own rubber flogger to whip it until it whinnies. I will provide materials for up to 15 people.,Adults,Come & Play,,,Thunderdome,2026-07-09,14:30,90,No,1,Approved,2026-06-05 21:26:52,Annabel
183d4662-0af4-4ecc-a8c1-b762a74611db,Whip making (with bike tires),"Whip as hard as you like, because this material is capable to be shaped to any kink you have. We'll teach you how to give your whip shape to your likings. Having a whip from your own hands gives a totally different feel! And besides that, no new materials are used so the planet approves! *can be done in ~30 minutes or 2 hours, depending on how much detail you want ;). /Count on some testing after.",Adults,Curious Creatures,,,Curious Creatures - Mansion,2026-07-09,15:00,90,No,1,Approved,2026-06-08 17:22:08,Mosterd
dc7da9a1-eb4d-4723-a08b-111afe6fc93c,Auto-hypnosis for begginers,"Have you ever tried to find your totem animal during a chaman trip, but always fall asleep or get bored before the end ? This workshop is for you ! 
A logical step-by-step guide on how to let go, for the overthinker you are.",Workshop,,Somewhere on the Playa,Justin - little B,At Werkhaus ,2026-07-09,15:00,60,No,0,Approved,2026-06-07 22:21:58,Little B
1f07cea2-977c-43f7-9d50-d94a17e17eaf,Hyperflow Hair Academy,"This year, we’re not only serving looks but growing them together.
Join our Hair Alchemy Workshop and learn how to craft your own vibrant extensions from scratch. We’ll guide you through the process so you can braid, style, and bloom into your most fabulous festival self. No experience needed.
🧵🌈 Sit, create, connect, and let your colors flow wild 🌈🧵
Come as a seed. Leave in full bloom",Workshop,Hyperflow,,,Chill area,2026-07-09,15:00,60,No,2,Approved,2026-06-06 14:16:17,Vanessa
e43608cb-671a-4101-80ca-113e19a36f1a,Fiesta Del Agua,"Got a dirty body and mindset and/or need a good scrub? Get washed over at Camp Cambio’s human car wash, then pop into Barrio del Sol’s pool next door. All while tuning in to the freshest music coming from both our camps. Sip on cava, beer and enjoy grilled cheese and gazpacho (while supplies last, don’t forget bring your own drinks too!)",Party,Barrio del Sol,,,Camp Cambio + Barrio del Sol,2026-07-09,15:00,240,No,1,Approved,2026-06-06 20:56:08,
40ff7cd0-0d64-4d8e-af35-c6e7562159df,Joint Crafting,"Learn how to roll your first 420 or get your skills to the next level. Study new, unique and creative ways to smoke up. B.Y.O.W! Professionals welcome, share your knowledge.",Workshop,Desert Dessert,,,,2026-07-09,15:00,60,No,1,Approved,2026-06-07 00:19:48,Demenzflöte
d75b156f-579f-42cc-9d39-c60703f6dc43,Saw What?! — Learn to Play the Musical Saw,"Ever looked at a saw and thought: “This could be more emotionally unstable”?
Come discover the eerie, beautiful, slightly ridiculous world of the musical saw. 
We’ll bend metal, summon ghostly melodies, and prove that even hardware-store tools can have feelings. 
No musical experience required — just curiosity, ears, and a willingness to make the desert sing.",Workshop,,Somewhere on the Playa,Lightning,Kunsthaus - Red Dome ,2026-07-09,15:00,60,No,0,Approved,2026-06-07 17:04:37,Lightning
72f32868-3ce6-4562-983e-5118f56918de,Own your desires. They may come true. ,"You know what you want. You've just been told not to want it. 
Desire gets a bad rep. We shrink it, hide it, dress it up in excuses. 
This workshop invites you to stop apologizing for what you want and start listening to it. Through sharing, play, and honest conversation, we'll explore what it means to truly own your desires. We're naming it, claiming it, and owning it fully. No shame. No filter. Just you and what you actually want. 
",Adults,Garden of Joy,,,Garden of Joy,2026-07-09,15:00,60,No,1,Approved,2026-06-07 22:28:36,
935b3820-e412-41de-8771-8688c4b33a65,HFFM — Hot Female Foot Massage™,"Behind the slightly provocative title hides something surprisingly wholesome and very burner-compatible: a playful and relaxing foot massage experience used as a memory anchor to explore and embody nine practical steps that can genuinely improve one’s sense of life, connection, and alignment. It created a lot of laughter, surprisingly deep conversations, and a few “wait… why is this actually making sense?” moments ",Workshop,,MoE - Middle of Elsewhere,Ania,,2026-07-09,15:00,60,No,0,Approved,2026-06-08 14:13:33,Merlin
0295cad0-8df3-44d9-814f-6e7aa9338f85,Dirty Story Time,"Once upon a time (two months ago, to be precise), I was kidnapped to the slums of Cape Town, but I managed to get back on time for lunch. You wanna know how? Come and listen! 


Stooooory time, folks! ",Other,Mooncows,,,MoonCows Lounge ,2026-07-09,15:00,45,No,1,Approved,2026-06-08 22:37:06,Carmel
ca1a9ada-4059-4558-956e-0e54b75a262f,Become a cloud	,Express yourself in a workshop where you build a safe space in a full 3D  space with other team nobodies,Workshop,Barrio Espace,,,,2026-07-09,15:00,60,No,1,Approved,2026-06-08 23:19:02,Fred FF + Shady
236cbc2b-da33-41da-b730-ace4dfd572a8,David Bowie Appreciation Hour,"Time to leave the capsule, if you dare, ’cause there’s a starman waiting in the sky. Glitch calls on all you little wanderers, Rebel Rebels, and Thin White Dukes: put on your red shoes and let’s dance while Ziggy plays guitar, like in the golden years. No DJs, just hazy, cosmic jive. Face paint and mousy hair totally optional. So don’t be a rock ’n’ roll suicide, as we can be heroes - just for one hour.",Party,Glitch,,,,2026-07-09,15:00,60,No,1,Approved,2026-06-09 16:47:41,"Don, Silja & Yamato"
6c283851-c451-4d7b-b0e3-e3869e9e76dd,"The Seductress Archetype Play: Power, Presence, and Desire","Exploration of unconscious patterns of attraction, presence, and power through the lens of Jungian archetypes - especially the Seductress.",Adults,sssh!,,,sssh! Dome,2026-07-09,16:00,60,No,1,Approved,2026-06-04 13:56:38,Eyal
93bd7e8d-c8e1-4027-b6f3-f2c18a89c1bb,Entering the Dream: Yoga Nidra + Dreamwork,"This 2-hour workshop blends Yoga Nidra, somatic dream exploration, and communal reflection to explore dreams as lived experiences. Through guided practices and shared witnessing, we’ll step inside the dream world and listen for what wants to emerge. Bring a notebook, pen and a dream.",Workshop,Here & Meow,,,Beduina,2026-07-09,16:00,120,No,1,Approved,2026-06-04 19:21:20,Micol 
7da9ed8e-0f05-4db8-87c0-572fe0bcffb3,Inner journey: guide and be guided,"Step into a calming, restorative inner journey. First, let yourself be guided — then become the guide for someone else. Bring your bestie or embrace the magic of connecting with someone new.",Chillout,Belly Town,,,Belly Town,2026-07-09,16:00,60,No,1,Approved,2026-06-04 15:04:37,Djé
0390c675-6ecb-49e0-89fb-7c2a2196d410,Lick & Learn,"A sex-positive, sensual workshop for the queer & bi-curious.

A juicy, open-hearted space to explore fluidity, pleasure, and full-bodied YESes. Expect guided activities, ice play, and sensory explorations. No pressure, no performance, just real humans interaction and real desire.

*This workshop is for people who identify as female or non-binary. Consent is queen. Curiosity is sacred.",Adults,Wonderever,,,Wonder Carpet,2026-07-09,16:00,60,No,1,Approved,2026-06-06 19:30:33,Simi
cfddeedb-2e6f-4055-8fcc-7cd12a8c3ce2,One Shibari Rope. Endless Filthy Possibilities.,"Discover 5 quick creative ways to tie, wrap, and connect with a partner using a single rope (or clothes they are already wearing). A hands-on S+ exploration of improvisation, intimacy, consensual D/S and the art of making more from less. ",Adults,Shenanicamp,,,Sheninicamp,2026-07-09,16:00,60,No,1,Approved,2026-06-10 10:34:29,
6d549ae1-bdc1-4e02-beab-bb2746ac7fef,Erotic Hypnosis - Opening to the Orgasmic Mind,"Discover the erotic potential of hypnosis to transcend ordinary physical restraints, allowing you to experience unparalleled pleasure and ecstatic states. Join us on a voyage of novel sensations and mind-body exploration.",Adults,Yes!,,,Mr Stretchy,2026-07-09,16:00,90,No,1,Approved,2026-06-08 11:37:05,For Sure
bafaaa7d-d3c9-4885-b91f-64ac126d4351,Florentine Flogging,"Come to up your flogging game with some fancy dual-flogger flow techniques. We will learn the 2-weave and 3-weave with floggers. Bring two matching floggers (two shibari ropes can also work in a pinch. Tops only, no need to bring bottoms.",Adults,Come & Play,,,Open space,2026-07-09,16:00,90,No,1,Approved,2026-06-05 21:26:52,Tomer
f22277a8-5c9c-4ad9-b308-0c1560fd1d75,Dicks on Sticks,"Dicks on sticks allow for the feel of a fucking machine while not needing power, and give scope for detached objectification during sexual play. This workshop will include options for adding kink using dicks on sticks, or just enjoying the new dimension that the toys add to your sex and play!",Adults,Come & Play,,,Thunderdome,2026-07-09,16:00,90,No,1,Approved,2026-06-05 21:26:52,Tori
c2b02c49-593a-49c4-955f-4138717ba665,Knowledge on the Rocks,"Welcome to Earth fellow human, join me for a knowledge workshop on all things rocks and geology. A time to feed your curiosity on this beautiful space rock we are floating on together. As well as a dive into the geological history of Elsewhere.",Workshop,Hyperflow,,,Dome,2026-07-09,16:00,60,No,1,Approved,2026-06-06 14:34:41,Aidan
4e0dc1de-3d7d-48cc-9e68-9bdd7f3ca0b8,Risk reduction talk circle,"Having fun is sometimes risky, so let's talk about how to keep having fun while reducing risks.
We'll share information about harm reduction, or réduction des risques (RDR) in french.
Come with your questions and your own knowledge. We will prioritize topics based on the participants priorities.
We will try to translate in real time to include everyone",Adults,Ran'Dome®,,,Big dôme,2026-07-09,16:00,90,No,1,Approved,2026-06-07 21:11:21,Princess & Yo
e58fd8be-96a6-497e-acd3-7a28017a82d5,Give birth to your dark self,"Who or what would you be if you pulled all the brakes? Explore archetypes, express yourself and materialize the darkest version of yourself!",Workshop,Planet Resilium,,,,2026-07-09,16:00,120,No,1,Approved,2026-06-07 13:14:48,Corty
f45f9f32-fdeb-418e-8302-f9b6a9ae99b8,Solar Punk Tribes Creation,"Talking and/or writing about what we would imagine for the future, as a creative community. To start imagining our utopia, and why not, start creating it now, all together..? (Thematic: ways of living, ways of traveling, ways of communicating, climbing, dancing, eating.....)",Workshop,Planet Resilium,,,,2026-07-09,16:00,120,No,1,Approved,2026-06-07 13:17:23,Nini
76ba5fa6-562d-46f9-8f64-4bfcf25037a6,Afternoon Jam,"Come by for some playalong in the warm hours of the day. No rapid movements, no professionals, just a few amatures playing to the sound of the wind. ",Chillout,JamHouse,,,,2026-07-09,16:00,120,No,1,Approved,2026-06-08 07:40:24,
58d2b9cb-59e8-4845-8abe-9bc1ec182704,Slow Sensual Orgay,"Do you sometimes feel left out of cruising culture? Would you prefer a bit of a warm-up and some soft games before diving in? We're here for you. We start with a consent talk and a connection game, then we let things unfold at your pace. A night to remember — anyone except cis women, self-identification.",Adults,Peach Please,,,Dome,2026-07-09,16:00,180,No,1,Approved,2026-06-08 11:42:32,bo
212c7cc0-cb5c-45b7-9b25-93c5497f222a,Na na na 2026,"Last year I listened to A LOT of songs that contain the lyrics ""na na na"" and made the songs fight eachother tournament style. Enough people have asked me to do it again. Since this required zero preparation for me this is a no brainer. So lets see which ""na na na"" wins this year!",Chillout,Mirage,,,Mirage Stretch Tent ,2026-07-09,16:00,60,No,1,Approved,2026-06-07 23:56:03,
eae4cc23-9e51-4ad5-a265-d5acb3fde2b3,Jaw massage,"Come with a partner for a jaw massage session. Just like all other parts of the body, this area can be massaged to reduce tension and relax after a wild night. Take advantage of this soothing moment to take care of yourself ",Workshop,Glowy Owl,,,,2026-07-09,16:00,60,No,1,Approved,2026-06-08 13:20:33,Chloë
ed61b5bb-5a94-420e-a9b9-d301527c57eb,Naked contact improvisation,"A naked contact improvisation workshop exploring movement, weight-sharing, balance, and creative expression. Through guided exercises and open dance, participants discover new ways of moving, listening, and responding through the body. An invitation to experience freedom, fluidity, and connection through dance in a respectful and supportive space. Open for all curious bodies!",Workshop,Garden of Joy,,,Garden of Joy,2026-07-09,16:00,90,No,1,Approved,2026-06-08 22:15:58,Baher 
6d0f51d9-32a7-4b44-bcb3-d5bda7598a03,Vocal loop circle	,Vocal Loop Circle :  A sound game to create musical pieces.  We split into sub groups. Someone starts a repeating sound or phrase. A conductor cues groups in and out with hand gestures. Layers can be build. Endless fun. ,Workshop,Barrio Espace,,,,2026-07-09,16:00,90,No,1,Approved,2026-06-08 23:20:16,Cam (Camille)
7b0b3b2f-4e20-4dc2-bbe6-cb312508b2b5,A pre-titty confidence boost workshop,"Are you considering coming to titty-appreciation but feel a bit nervous? Not sure how to strut down a catwalk or can't imagine getting your tatas out? We're here to boost your confidence, give you some tips and tricks and make you feel excited to be apart of this amazing experience. ",Workshop,Oasis Playground,,,Chill Area,2026-07-09,16:15,45,No,1,Approved,2026-06-02 15:08:26,Alina
f7b35242-9f6f-4681-909b-6b2fec5eed1e,Let us challenge the 10 principles !,"Spending the week in an event based on 10 principles don't mean those principles are necessary gospel. Sometimes, they collide or can be challenged, or just don't make sense. Let's address this topic and share examples and insights so we can embrace burns even more sharply !",Workshop,Planet Resilium,,,,2026-07-09,16:30,60,No,1,Approved,2026-06-07 12:59:50,Corty
93f3f0d3-68c1-4f61-b780-2237886639b4,lapdance on a sofa,"Lapdance on sofa combines sensuality, self-expression, and a touch of acrobatics. I’ll share techniques and guide you through practice. Second part is a lapdance jam. Stay if you wish to explore your inner performer.",Adults,Desert Dessert,,,,2026-07-09,16:30,90,No,1,Approved,2026-06-07 14:24:08,Crole
7c3c9b59-fe30-4077-adf9-76bfed7e32b7,Everyday Embodied Kink,"Kink does not have to be reserved for kinky spaces. You can also do kink alone in your living room. Kink can be sexy,  platonic, intimate, or romantic and a vehicle for deep connection to self and others. This workshop is both performance and participation, focusing on accessible, everyday,  kinky fun. Come watch two switches switch it up and bring your kinky toys along (BYKT). ",Adults,Yes!,,,Dome,2026-07-09,16:30,135,No,1,Approved,2026-06-08 11:33:14,T & Ilse 
2552d283-9a1b-4630-9179-5b598c1f92ef,Sandstorm Salsa & Mojito ,"We’re two people who have danced a lot and still do. We’ve also taught as amateur instructors, and we’d love to share this passion with others. Plus, we’ll be making some excellent mojitos! We’d also love to connect with other people who enjoy these Latin rhythms—because we’re sure you’re out there—and come together to create an amazing party.",Workshop,,MoE - Middle of Elsewhere,Ania,,2026-07-09,16:30,60,No,0,Approved,2026-06-08 22:02:15,Kuro
f4921e54-b712-4153-9189-f7ab82cd7ca7,Synchronized dry land swimming,"Have you always wanted to dive elegantly into the deep? And all this without getting wet, holding your breath or getting this irritating chlorine-pool smell? Come to “Synchronized dry land swimming”.  We'll choose develop a choreography together. Our first gorgeous performance will take place directly afterwards. (10 participants max.)",Workshop,Mercurial Retrogrades,,,Mercurial Retrogrades,2026-07-09,17:00,90,No,1,Approved,2026-06-03 22:35:37,Lela
9d39529d-dc10-4851-bf67-2397d1d280f9,Advanced massage,Floor massage unique technique,Workshop,sssh!,,,sssh! dome,2026-07-09,17:00,90,No,1,Approved,2026-06-04 13:58:26,niv
82a7ae7a-9540-4ad2-81f9-8b89ff021d76,Naked clothes swap,"Come naked, leave naked. There 'may' be refreshments.",Chillout,Shenanicamp,,,,2026-07-09,17:00,60,No,1,Approved,2026-06-08 12:13:12,Tanc
6db832d2-afcc-4adf-9e72-a461b9bfcf03,Ready to get inside an erotic painting ?,"There is nothing quite like a little art history lesson in the desert on Tamara de Lempicka, an incredible Pioneer of bisexual modern art. But without a video projector, we'll need you to act out living tableaux that our strict professor will comment on. Who will best bring to life the sizzling scènes of this incredible painter ?",Other,Le Gratin,,,Chillroom,2026-07-09,17:00,75,No,1,Approved,2026-06-06 02:09:51,Madame Popart
420b1363-b3be-4b49-8fad-3b6b866fc634,Strangers With Benefits,"Ever fantasized about connecting with someone you'll never see or speak to? Welcome to this blindfolded, queer-friendly playground for sensual exploration, where touch, breath, and presence are the only language. We'll warm up your non-verbal consent muscles together, then dive into a guided series of anonymous encounters. Where will you go with these strangers? No heteronormativity. No genitals. Sensuality and sexual energy: absolutely welcome.",Adults,Le Gratin,,,Playroom,2026-07-09,17:00,90,No,1,Approved,2026-06-07 16:46:53,Juicy
f2863d99-965b-4e4c-a3de-c889eed27226,Limbo contest,Are you flexbible? Do you enjoy the performance of other humans who are? Well in any case you should know that latin music is the best thing to loosen these hips of yours! Come test your spine and see how low you can go.,Workshop,Belly Town,,,Belly Town,2026-07-09,17:00,60,No,1,Approved,2026-06-07 18:40:25,Ted
fedde55b-6d5d-4af7-9998-31616acbfd94,Karaoké fun,"Karaoke, challenges, fun... a great time together",Party,Ran'Dome®,,,Saloon,2026-07-09,17:00,120,No,1,Approved,2026-06-22 21:57:23,Matmax
00ced9bf-bdbd-47ce-bf2a-eb81e8be8973,Naked Tea Party! ,"After two days of regular tea parties, our collaboration with Barrio del Sol (look for the Fiesta del Agua starting at 15:00) has prompted us to make the last tea party an extra special one: go naked! Of course you don't have to, but we encourage to take off your clothes and engage in the human car wash or pool, all whilst enjoying a magical cup of tea.",Party,Camp Cambio,,,,2026-07-09,17:00,120,No,1,Approved,2026-06-07 23:42:29,Julian & Eli
aeeaa810-628c-4bf6-82e2-1221aab37e80,La Touche Française Karaoké	,"""Ever wondered if your favorite French Touch & Disco tracks would still sound great and dancy if the lyrics were actually in French ? Let’s find out together…
We have done the heart-wrenching work of translating the lyrics, now come and sing with us karaoke style, and hopefully make us dance!
Non-french singers more than welcome.""",Workshop,Barrio Espace,,,,2026-07-09,17:00,60,No,1,Approved,2026-06-08 23:21:52,David B
1be129e2-5afe-466d-84bd-e7fb9fa49f5e,One-rope Play,"Shibari: Explore intimacy in ropes with your partner(s) or friend(s). Ideal for pairs, but not necessary to come with a partner. We'll learn how to connect with one another in ropes on the floor. You don't need more than 1 rope to create a profound experience of shared intimacy and vulnerability. Several ropes will be provided, but if you have your own please bring one!",Adults,Wonderever,,,Wonder Carpet,2026-07-09,17:30,90,No,1,Approved,2026-06-06 19:46:29,Julia
82eee30b-fe01-4f17-91c4-2c3f16397553,Nippies jo(c)ke,"Custom nippies & jocks workshop: bedazzle, stitch & play! Create wearable sparkle & leave with your piece. Consent + strong fixing only.",Workshop,Ran'Dome®,,,Big dôme,2026-07-09,17:30,60,No,1,Approved,2026-06-07 21:10:11,Valentin & Laure
71fc9e65-8b4b-494b-ba58-24921a7473e4,Sip & Seduce: Not Your Average Wine Tasting,"Get ready for Sip & Seduce, where wine meets playful passion! Taste and serve wines in new and sexy ways. Whether you’re sharing a sip (or two) of Sauvignon or you find yourself kneeling for some Cabernet, this isn’t your average wine-tasting. Expect flirty, fiery, and funny moments, with plenty of wine, laughter, and maybe a kiss or two. So bring a tasting partner, bring your cup and cheers!",Workshop,Yes!,,,Mr Stretchy,2026-07-09,17:30,60,No,1,Approved,2026-06-05 18:08:21,Arthur and Nancy
52965df0-6e74-46c5-a5ef-5dbea6c4566f,The ultimate pervert massage,"We’ll go over several ways to sexualise a massage as much as possible (and desired) - adding impact, sexy positioning and more. Bring a towel and a partner you’d like to play with, and expect it to get hot and oily.",Adults,Come & Play,,,Thunderdome,2026-07-09,17:30,90,No,1,Approved,2026-06-07 23:08:52,Special Ofer
aab7e876-2a21-4627-8165-f95cb10f9999,Opera meets FUNKTION ONE ,"What if opera hit you like a bassline? Centuries of tradition, reimagined through Funktion One's legendary sound system. Every aria, every crescendo, every whispered note rendered with a clarity and power that rewires something inside you. Old soul. New frequency. No opera house needed. Just you, the sound, and a voice that was built to move mountains.
",Workshop,Garden of Joy,,,Garden of Joy,2026-07-09,17:30,90,No,1,Approved,2026-06-07 22:25:05,Baba
e861a6f2-3b25-43ee-ac37-8b3fc9c0e185,Acro(yoga): Flying and climbing on top of each other,"Always been wanting to fly? Here we learn to balance on top of another human! Beginners welcome, we'll teach how to safely guide each other into (weird) positions and make sure no one drops to the floor.",Workshop,Curious Creatures,,,Curious Creatures - Dome,2026-07-09,17:30,60,No,1,Approved,2026-06-08 18:28:45,Mosterd
a6175ef6-6e6f-41c3-8ad2-9dbeeda0c3fc,Petanque & Pastis	,Experience the core French experience on the barrio : Petanque and Pastis - relaxing and anis plus rolling the balls somewhere,Workshop,Barrio Espace,,,,2026-07-09,17:30,90,No,1,Approved,2026-06-08 23:23:33,Alyone
8a478ca2-8f85-4556-9c05-dd69ceb13dee,TITTY-APPRECIATION HOUR,"We're back again for the biggest event of the burn, and it's exactly what it says on the tin: you show your titties, and everyone appreciates them! All breasts (big or small, young or old) are appreciated equally and will get a huge applause, because all titties are beautiful. Get on stage and celebrate life! Are you a bit shy? Come to the pre-titty workshop, or just be the cheering audience (and let's party afterwards). All genders welcome!",Workshop,Oasis Playground,,,Stage,2026-07-09,18:00,120,No,1,Approved,2026-06-02 15:10:25,
267a1fcf-f20e-4ee4-b1f0-291ac5fddcb9,Espanish Accent Contest,Plis com and join us to de brand niu espanish accent contest!! If llu zink that yu ar the best espiker come tu show your eskils and rais as the new best espanis espiker in the dessierto! Our beloved juedges will evaluate your accent and decide if yu are worth to bi a proper guiri in espnish territory   ;))),Workshop,NoBarrio,,,NoBarrio,2026-07-09,18:00,90,No,1,Approved,2026-06-05 12:26:37,Martín
6dee338f-1f15-4588-9d33-ac9d1f3d8825, Kissing Workshop,"Discover playfully the many dimensions of kissing beyond the romantic or sexual. Through guided exercises, we explore connection, consent, curiosity, and the subtle art of meeting through lips, breath, and presence. Come solo or with others, and bring a willingness to connect gently and authentically.",Workshop,Bread & Tomato,,,,2026-07-09,18:00,60,No,1,Approved,2026-06-05 16:47:57,Jean Jacques & Bambi
e14e274b-204a-45af-9dde-474c1fba7242,Porrón Hub,Work on that head tilt and get as much wine as you can. ,Food and drink,Mooncows,,,MoonCows Lounge - Bar,2026-07-09,18:00,45,No,1,Approved,2026-06-07 21:46:42,Art & Tam
7a52387d-aa72-4c5d-b0e3-aa35fd885433,Twerking through the Rabbit Hole,"A beginner-friendly twerkshop for curious sweeties. We'll warm up our hips, learn the fundamentals of booty shaking, and then descend into Wonderland, where reality gets progressively stranger. Move like a melting dessert, survive a dust storm, express your deepest emotions through your butt, and discover what happens when twerking meets the absurd. Giggles guaranteed.",Workshop,Desert Dessert,,,,2026-07-09,18:00,90,No,1,Approved,2026-06-07 00:10:07,Fluff
0e35db35-bf30-4306-8d6b-09a6aa41e6fb,Music Vibe & NUDES ,"Naked bodies. Great music. Creative chaos. 
The model chooses the music, the music shapes the pose, and your pencil follows the vibe.
Be models or come sketch bodies, movement, emotions, rhythms, and surprises. No experience needed, just curiosity and a willingness to play.
We bring you some drawing tools and let's make some beautiful weirdness together <3",Adults,Belly Town,,,Belly Town,2026-07-09,18:00,90,No,1,Approved,2026-06-04 15:05:42,Plume
21f513a7-d7a8-4988-9197-3331d6084bed, Psychedelic wine tasting,Aperitive moment in a special wine tasting ,Workshop,Barrio Espace,,,,2026-07-09,18:00,60,No,1,Approved,2026-06-08 23:31:50,MickaMicka
2f47a841-4a48-4cef-bcd7-4494eaca48d8,Capture your fabulous look 4 eternity,"Show off your amazing look and have your portrait taken, the weirder the better! Printed on the spot onto a postcard, take home a personal memory of your flamboyant playa alter ego. No digital trace left behind. No need to arrive at the start of the workshop, come by when you're ready.",Workshop,Mirage,,,Mirage Stretch Tent ,2026-07-09,18:00,90,No,1,Approved,2026-06-07 23:56:03,Spooky
00e98a7d-e7f0-4d37-8e30-70bc1c584cad,Striptease Contest,"In honor of Psilove's 30th birthday coming soon, it's time to turn up the heat! Step into the spotlight for a playful striptease contest with fun, flair, and a touch of your sexiest self ! What a better gift than putting on a show for this badass queen ?",Adults,Glowy Owl,,,,2026-07-09,18:00,120,No,1,Approved,2026-06-08 13:21:23,Psilove
2a98b1e6-5d0f-4703-8dae-882e9698defd,Knotsense: Getting Knotty in the Dust,"Knots. Beautiful, meditative, desert-proof knots. Come get your hands busy and your mind blissfully empty. Whether you’re a seasoned fibre artist or have never touched a rope that wasn’t holding up your tent, we’ll guide you through the basics and beyond. Leave with something handmade, sun-baked and genuinely yours.",Workshop,Dusty Dreamers,,,,2026-07-09,18:00,120,No,1,Approved,2026-06-23 15:08:40,Eris
4b162c45-6d27-4a53-8781-ba644d56d4b3,"Mosh, Crowdsurf, punkballet","Somatic punk, embodied Mosh, crowdsurf & stagedives for beginners and pros! Expect a carefully curated punk playlist, warm up, mosh etiquette (aka punkerconsent) and friendly full-body-bashing.",Workshop,JamHouse,,,,2026-07-09,18:15,45,No,1,Approved,2026-06-08 07:40:24,Max and Klara
9599911a-4534-4113-9e81-670f6fd2121b,The first performance of the synchronized dry land swimming team,"Watch the first performance of the synchronized dry land swimming team while sipping a ""swimming pool"" cocktail. ",Party,Mercurial Retrogrades,,,Mercurial Retrogrades,2026-07-09,18:30,15,No,1,Approved,2026-06-03 22:36:24,Lela
99d21b59-557b-45ba-bb20-4010735396a8,Deeper Dating,"Cut the small talk and connect with people consciously and authentically. Expect authentic relating exercises including eye gazing, non-sexual touch, thoughtful questions. Come with an open mind. Spaces are limited",Adults,sssh!,,,sssh! dome,2026-07-09,18:30,90,No,1,Approved,2026-06-04 14:01:56,Juley
39f0ac21-26fc-4272-8532-42d1608ee45d,Bondage jam,"A kinky playground dedicated to the art of restraint. Explore rope, cuffs, straitjackets, plastic wrap, and more. Learn, teach, demo, practice, and experiment alongside curious beginners and experienced players alike. Equipment will be available to borrow, and a suspension point will be set up for aerial adventures. Consent is at the heart of the space, with dedicated angels helping to keep it safe and fun.
",Adults,Glitch,,,Glitch playroom,2026-07-09,18:30,120,No,2,Approved,2026-06-04 22:35:45,Meow
6b9625fb-2dd2-42d3-8d78-b2d0042c525e,Deeper Dating,Come and connect consciously with other singles through elements of authentic relating and thoughtful questions.,Workshop,,Somewhere on the Playa,Juley ssssh!,Sssshh! dome,2026-07-09,18:30,90,No,0,Approved,2026-06-07 12:49:58,Juley
56354d33-9b50-4282-9040-b178b211a481,Bread & Tomato Sunset Party,"The Not-So-Serious, Seriously Tasty meet-up at Elsewhere. As the sun drops behind the Monegros, swing by our camp for crispy pa amb tomàquet, cold gazpacho, good beats and big hugs. We’re a Catalan-born, world-grown family of brutally honest, wildly loving humans who believe dance, food and dust are the best glue around. No guest list, no fuss: follow the tomato smell, grab a slice, get ready to dance and let’s love the sunset together.",Party,Bread & Tomato,,,,2026-07-09,19:00,120,No,1,Approved,2026-05-24 15:10:36,Bread & Tomato
d9fca370-e2f7-4169-9173-89721df399a9,Yin Yoga / Slow Flow,A slow paced yoga class for relaxation and tension relief,Spiritual / Healing,sssh!,,,outside the sssh! dome,2026-07-09,19:00,60,No,1,Approved,2026-06-04 14:00:35,serena gelb
c2e59010-c3d6-4d62-8ef1-a2d8f1feb746,Temple of Qu'intimacy: nurturing Queer connection with ourself and others.,"A temple evening exploring the art of connection, embodied presence, and sacred sensuality, a journey into expanded awareness — where ritual meets play. Designed as a landscape of queer exploration, this evening invites you to soften at the edge, and enter a field of listening, creative expression, reverent pleasure. This is not a party. It is not a performance. It is a co-created temple.",Adults,Here & Meow,,,Beduina,2026-07-09,19:00,120,No,1,Approved,2026-06-04 19:13:39,Monica & Emily
1798e95f-70df-46ca-8d75-9198ac7968e4,Queer Empowerment Meditation,"Just a fabulous little meditation, to take a moment and focus on the gift that was given to you: to feel queer, to not fitting but stand out, and the incredible power that comes with it. We will use elements of ballroom to empower ourselves and start manifesting what we are yet to be. You don´t have to identify as LGBTQI+, every human that does not feel totally hetero normative is welcome :-)",Adults,Olive Odyssey,,,,2026-07-09,19:00,30,No,1,Approved,2026-06-04 20:36:35,Jules
868ca6fa-eb25-40f9-bb39-89b9707f188f,Gag-ball Karaoke,You sing bad and want an excuse for it? Come and (try to) sing while our host spanks you!,Adults,Come & Play,,,Open Space,2026-07-09,19:00,60,No,1,Approved,2026-06-05 21:26:52,Asstupenda
74a469e0-dd70-455e-b995-cd568971636a,Erotic gestalt,"By listening to our body, our needs, impulses, desires, and shifting rhythms, we will go in search of pleasure and satisfaction through conscious contact. Gestalt philosophy is all about the here and now, taking responsibility for ourselves and releasing our heavy armor. We will ask, give, and receive what we want... or not.",Workshop,Hyperflow,,,Dome,2026-07-09,19:00,90,No,1,Approved,2026-06-06 14:53:33,Gianni
47680cf1-64e3-45e0-a2d7-85fa95a525c9,Jam musicale,"Come play, sing or just listen",Party,Ran'Dome®,,,Randome Dancefloor ,2026-07-09,19:00,120,No,1,Approved,2026-06-22 21:59:50,HoppyClem
c1eb5661-e9fc-4e92-bb72-f9946e075829,NowHere Gin&Tonic,"Have a delicious, possibly chilled homemade Gin & Tonic served on a mobile bar driving around the playa. Look out for the moving sign ""NowHere Gin&Tonic"", somewhere on the playa.",Food and drink,,Somewhere on the Playa,Christian,Somewhere on the playa,2026-07-09,19:00,180,Yes,0,Approved,2026-06-13 08:11:45,Nadine and Christian
c1eb5661-e9fc-4e92-bb72-f9946e075829,NowHere Gin&Tonic,"Have a delicious, possibly chilled homemade Gin & Tonic served on a mobile bar driving around the playa. Look out for the moving sign ""NowHere Gin&Tonic"", somewhere on the playa.",Food and drink,,Somewhere on the Playa,Christian,Somewhere on the playa,2026-07-10,19:00,180,Yes,0,Approved,2026-06-13 08:11:45,Nadine and Christian
c1eb5661-e9fc-4e92-bb72-f9946e075829,NowHere Gin&Tonic,"Have a delicious, possibly chilled homemade Gin & Tonic served on a mobile bar driving around the playa. Look out for the moving sign ""NowHere Gin&Tonic"", somewhere on the playa.",Food and drink,,Somewhere on the Playa,Christian,Somewhere on the playa,2026-07-11,19:00,180,Yes,0,Approved,2026-06-13 08:11:45,Nadine and Christian
fdaa288e-138f-4fec-ba9b-89fd719e0d36, Immersion in the storm,"Explanation of the work, along with meditation and an immersion workshop in the midst of the storm. How we experience it and how we can enjoy it.",Spiritual / Healing,,Heat under the storm,Yanita,Heat under the storm,2026-07-09,19:00,60,No,0,Approved,2026-06-10 07:13:56,Yanita
0dcf97f7-984d-4dd5-b041-03d36b3a0395,GenderFucking,"This workshop combines hands-on exploration with collective reflection. Participants will engage with different sexual practices and examine how these experiences shape, reinforce, or challenge their own gender identities. Together, we will then creatively explore ways to reinterpret, subvert, amplify, or transform the gendered codes embedded in these practices.",Adults,Peach Please,,,Dome,2026-07-09,19:15,60,No,1,Approved,2026-06-15 11:06:55,Sandro
d3170260-8670-41ef-bc8d-064854d264a5,Queerberet,"Feast your senses on what critics are calling “the littlest most stunning, most 11/10 thing ever.” With a delicious array of performances from some of the playa’s hottest queers and allies. It’s giving beautiful, funny, absurd. This is not just any cabaret. This is the Queerberet! Lip sync your way to the EYAO stage and indulge in the glow of queer joy. It’s been a minute. Signups through the week are welcome at EYAO!",Other,EYAO,,,Eat Your Art Out,2026-07-09,20:00,120,No,1,Approved,2026-05-27 09:04:40,The EYAO stage on Mount Gorgeous
4d76200a-8ffb-4862-ab25-5e4b67010ea1,Post-titty party,Not sure where to put that post-titty-appreciation adrenaline? Don't worry! Oasis Playground will host a dance party for anyone and everyone who fancies a boogie! You may even get a few live songs to move the energy from the stage to the dancefloor!,Party,Oasis Playground,,,,2026-07-09,20:00,120,No,1,Approved,2026-06-02 15:11:07,
f8cbe284-6b6b-4319-a98e-2b8f18043289,Daily Golden Hour Mass,"Each day at Golden Hour, gather for a Mass of Abundance led by a Great Priest of the Golden Woman.
Through prayers, blessings, and sacred teachings, Nobodies are invited to align themselves with the spirit of abundance and receive the Golden Woman's grace. Ask what you want and you will receive it. Spread the Gold, Join the Cult. 
",Spiritual / Healing,Barrio Espace,,,VIP,2026-07-10,20:00,60,Yes,1,Approved,2026-06-03 20:14:24,
f8cbe284-6b6b-4319-a98e-2b8f18043289,Daily Golden Hour Mass,"Each day at Golden Hour, gather for a Mass of Abundance led by a Great Priest of the Golden Woman.
Through prayers, blessings, and sacred teachings, Nobodies are invited to align themselves with the spirit of abundance and receive the Golden Woman's grace. Ask what you want and you will receive it. Spread the Gold, Join the Cult. 
",Spiritual / Healing,Barrio Espace,,,VIP,2026-07-11,20:00,60,Yes,1,Approved,2026-06-03 20:14:24,
90bc41dd-c448-423b-a909-da909074334d,Self-pleasuring (mainly) for people with a vagina,Exchange of fun facts on intimate anatomies and best practices to self pleasure. Guided meditation to discover your inner sensual landscape (to be continued as 'homework'). We may or may not actually self-pleasure. There is no touch by others.,Adults,sssh!,,,sssh! dome,2026-07-09,20:00,90,No,1,Approved,2026-06-04 14:03:20,An / Lammeken
620ae025-83b9-4de1-b51f-ba6a026d4c39,ElseWedding Ceremony,"Just married in the default world 2 weeks before, you are kindly invited to our ElseWedding ceremony on the hill. Party will follow at Barrio del Sol all the night!!",Other,Barrio del Sol,,,on the hill,2026-07-09,20:00,60,No,1,Approved,2026-06-06 20:57:07,Alex & Loy
68b45ad5-9907-4831-a1c0-b0624883d42b,Shamanic Journey,"A journey into the underworld to meet your power animal or spirit guide. Power Animal Circles are part of the Core Shamanism principles embodied by Shamandome Camp in Burning Man. No previous experience required, just come with an open heart and mind.",Spiritual / Healing,Curious Creatures,,,Curious Creatures - Dome,2026-07-09,20:00,90,No,1,Approved,2026-06-08 17:18:50,Sriracha
cb7fb945-ed3f-4c18-b5e5-17816d0d3ac6,Humping Addiction,"Tired of penetrative sex, fingers, and mouths?
Come discover a revolutionary practice: dry -at least at the beginning!- humping. Also called creative grinding or playful rubbing. 
With yourself, with your surroundings, or with other people, in pairs or small groups.
Underwear is required for most of the guided session. Come alone or bring as many people as you’d like.",Adults,Le Gratin,,,Playroom,2026-07-09,20:00,120,No,1,Approved,2026-06-06 01:31:44,Inga and Maggie
89a0f7c1-d20a-484f-8ee0-110cfc8b5d4f,pyJAMas party,"Onsies, nightgowns, old victorian dresses, underware or else  - come as you like to dress for night time, and let's have a party. Pillow fight might be included.",Party,JamHouse,,,,2026-07-09,20:00,300,No,1,Approved,2026-06-08 07:40:24,
c5737149-ad63-43dd-a030-bac00592d9c9,Cuddling! A hands-on workshop to advance your experience,"No experience required! Do you like non-sexual cuddling, but do you sometimes think it's a bit monotonous and could be more intense? In this workshop, you'll learn techniques to cuddle in new positions and with more intense touch quality for an immersive experience. Afterwards open-end free cuddling.",Workshop,Mirage,,,Mirage Stretch Tent ,2026-07-09,20:00,90,No,1,Approved,2026-06-08 20:40:16,Sandro
d9b36353-7b93-422f-a122-f89532218b68,Queer Porn Karaoke,"Are you a screamer, a panter, or do you prefer soft whispers? Tonight we test your karaoke skills on a carefully curated selection of queer porn. Show us what you've got.",Adults,Peach Please,,,Dome,2026-07-09,20:40,60,No,1,Approved,2026-06-08 11:42:32,Leaf & Miriam
caec3aed-fa72-4951-92fc-ddef7a6b4c6d,Body painting initiation ,"Learn how to glam yourself up in just a few minutes, adding as much color as possible before heading out to dance and showing off our cute little faces !",Workshop,Glowy Owl,,,,2026-07-09,21:00,60,No,1,Approved,2026-06-08 13:23:27,Flamboyant
084a741f-fb50-4af5-9ef3-e211ba3c6a1e,EcstatiKink,"**Jugaton’s most famous event is back!**
EcstatiKink is a playful journey into aliveness, connection, and self-expression. We begin with cacao, then our DJs guide you with sensual music that opens the heart, awakens the senses, and brings you fully into the body. From there, explore interactive stations inspired by conscious kink, curiosity, and connection. A safe, consensual space to expand your expression, embrace play, and feel more alive.
",Workshop,Jugaton,,,,2026-07-09,21:00,180,No,1,Approved,2026-06-03 18:00:22,Didi
793c0a1e-bffd-456a-bb0e-d63a79c23d86,Desert disco night ,"Desert Disco Night is Elsewhere's most electric ritual; a collision of dust, light, and pure human joy. Find your people. Find your rhythm. Find yourself on the wrong side of midnight and exactly where you're supposed to be.",Party,Barrio Espace,,,VIP,2026-07-09,21:00,120,No,1,Approved,2026-06-03 20:10:49,
08ecdcd7-7475-47ef-881d-9418b0ce593f,Moooooorder Mystery Bar (Listening Session & Drinks),"A listening session for tired detectives, elusive suspects, and desert wanderers. Japanese-style whisky highballs, bourbon, noir jazz, cinematic grooves, and late-night classics. Take a break before the weekend madness. Grab a drink, share your story, and see if anyone can help solve the mooostery.",Food and drink,Mooncows,,,MoonCows Lounge,2026-07-09,21:00,120,No,1,Approved,2026-06-07 21:48:43,Sagira
02711835-e452-43a0-badd-d7beaaa52fa6,ElseWedding Party,"Following our ElseWedding ceremony, everybody is invited to our ElseWedding PARTY!! ",Party,Barrio del Sol,,,,2026-07-09,21:30,150,No,1,Approved,2026-06-06 20:58:20,Alex & Loy
1fad8c13-c654-4b0d-b261-e160913fde95,Sunset Progressive House (Live Set),Opening live set for the Barrio del Sol ElseWedding party at sunset.,Party,Barrio del Sol,,,,2026-07-09,21:30,60,No,1,Approved,2026-06-06 20:59:04,Duckman
bbde603b-c1de-4e3a-91eb-708903d0e132,Kashmiri tantric massage,"Mindful, body-centered massage focused on presence, connection, and circulation of subtle energy, but NOT on erotic stimulation.

Massage given in pairs (choose someone you feel comfortable to be in very close contact with, before entering the workshop), where nudity is allowed but not compulsory. 
Shower before coming!",Adults,sssh!,,,sssh! dome,2026-07-09,21:30,150,No,1,Approved,2026-06-04 14:05:15,Alan & Marieee
da271c7a-537b-4da3-9f0a-bd2aca4d0bb5,The Superbowel,The Laser Buttplug Games (LBG) make it to Elsewhere is the much awaited Superbowel 2026!! Lasers. Buttplugs. Everything we stand for. We’ll turn MON into a Galloseum for bread and circus. Join the games and cheer for your favorite Assletes. Sponsored by Acqua Gallo,Adults,,MoE - Middle of Elsewhere,Ania,,2026-07-09,21:30,120,No,0,Approved,2026-06-08 14:22:49,The Federation
f086168b-8e61-41e8-9270-a34e0ea939d8,The Un-aesthetic Dance,"Ecstatic dances are so 2025. ""Move like water"", ""Release your inner child"", ""Now stomp like an elephant"". It has all been done. People are getting too comfortable, it is time for change! Welcome to the un-aesthetic dance, where we challenge your ability to dance coherently and invite you to be aesthetically unpleasing.",Adults,Curious Creatures,,,Curious Creatures - Dome,2026-07-09,21:30,60,No,1,Approved,2026-06-08 22:55:08,Slawus Gallus XII
54dd8388-e257-4d74-b284-aa3c17969bca,A Kitty Night Elsewhere,"Get in line. Make it past our glitchy bouncers and party all night long. This is the kinky Berlin club experience, desert edition! Full line-up, bass-driven music and a vibrating play space. Only the pool is closed for renovations.",Party,Glitch,,,Dance Floor,2026-07-09,21:30,360,No,1,Approved,2026-06-08 22:33:45,
4308fc11-a479-430b-a6a4-06cbbe1ef52e,The Sisters Sin are listening… ,"When you see the roaming nuns on the playa tonight: kneel and get ready to confess. Share your wicked truths, your unspeakable kinks, or that thing you swore to never say out loud. In return, the sacred sisterhood shall bless you… with someone else’s equally delicious confession.",Spiritual / Healing,Yes!,,,,2026-07-09,22:00,120,No,1,Approved,2026-06-05 18:08:21,"Charlotte, Ben and Nancy"
47dca3b4-c90d-4861-a595-250029289ec3,Queer bubble trouble,"Still riding the queer joy from the queerberet? Good, because the night isn't over. Come dance at the queerest party of the playa at EYAO. We'll be serving the most fabulous cocktails, melodic and progressive beats, afro rhythms, LGBTQIA+ anthems… We have it all! Bring your inner diva in the cuntiest look. We'll have a bubble machine going all night — yes, UV bubbles. Just saying.",Party,EYAO,,,EYAO dancefloor,2026-07-09,22:00,420,No,1,Approved,2026-06-07 22:02:19,
1660c249-9c79-488b-a029-87384036706a,MoonCircus show,"Come enjoy performances by aerialists, poi, fans, and more!",Other,Mooncows,,,MoonCows Lounge,2026-07-09,22:00,90,No,1,Approved,2026-06-07 22:31:52,Luna
e44e9205-5221-4609-a6d8-68001daec2ce,Free Use Gratiné,"Free Use is a BDSM experience where you can either use or be used. It's a power dynamic on a priori consent, letting go, and playing with strangers.
Propose yourself as a toy to be played with, as an object to be used, or as anything to be used in any way you're ready to give a priori consent. Your imagination is the limit !
As a user, come and explore what and who's available !
Important: Needs a briefing at least 24h before, come and see us.",Adults,Le Gratin,,,Playroom,2026-07-09,22:00,120,No,1,Approved,2026-06-07 13:24:33,Cyril
43d553e4-ddb2-4418-8d5a-730d22b49f00,Rüber’Town’s Opening Party,Repeat event : see Tuesday for info but we’re ready now.,Party,Ran'Dome®,,,Ran'dôme,2026-07-09,22:00,480,No,1,Approved,2026-06-07 21:14:08,Ran'dôme team
27461daa-20f1-4028-8d30-468fc842d11f,Orgy: T4T,"Dive into the gender spectrum at our trans-for-trans orgy! Embrace your naughtiest impulses in a safe and bold environment where you can feel comfortable letting your most vulnerable desires unfold. We start with a consent talk and a connection game, then it's time to get into it. Trans people only — self-identification.",Adults,Peach Please,,,Dome,2026-07-09,22:00,180,No,1,Approved,2026-06-08 11:42:32,bo
3aac9822-02e8-4625-914d-b2bd316333af,The Wonderfowl Cabaret / Open Stage,"Welcome to Glowy’s Glowious Marvellous Wonderfowl Cabaret! Become the playa’s strongest human, brightest star or wildest dream merchant for 10 glorious minutes on stage. Poetry, dance, song, magic, comedy or delightful weirdness: unleash your radical self-expression and celebrate others’. Hosted by the most dazzling, devoted and absurd Madame Loyal you’ll find Elsewhere. ",Party,Glowy Owl,,,,2026-07-09,22:00,90,No,1,Approved,2026-06-08 21:14:59,Glowy Owl
927074dc-2f1f-40f3-8071-042094db9b30,Booty Painting Party,"A beautifully decorated butt can have a hypnotizing power when shaken gracefully. In this Booty Painting Party we will draw mesmerizing patterns on each others buttocks. Creative freedom includes the possibility to paint anything you want. Some might draw landscapes, others symbols or patterns. Feel free to be creative when embellishing each others rear sides in the Garden of Joy.",Adults,Garden of Joy,,,Garden of Joy,2026-07-09,22:00,90,No,1,Approved,2026-06-08 18:29:20,Welcome & HerCuteness NoFilter
29579dca-744e-4222-8161-72ec496c7038,Fluor Night Volleyball,"When the desert goes dark, the court comes alive. Blacklight floods the sand, UV lines burn against the ground, and every serve sends a fluorescent streak across the net. Waves, invaders, glowing ghosts in the net. Teams rotate in and out; music drives the pace. White and fluor clothing works best. Sunglasses optional, but you'll look good in them.",Party,Dusty Dreamers,,,At the Beach Volleyball court,2026-07-09,22:30,60,No,1,Approved,2026-06-02 17:38:38,
c3171aef-e264-4a01-aa37-58f721199420,Neon Afterglow (DJ Set),Eclectic DJ mix of lighthearted melodic electro vibes for a post ElseWedding trust fall into a post-nuptual embrace.,Party,Barrio del Sol,,,,2026-07-09,22:30,90,No,1,Approved,2026-06-06 21:00:09,Jamez
48eb0bde-a4ef-4a6d-b014-a7a7ed93d4db,BDSM Night,"Whether you sleep with your floggers or you just got inspired by a first Shibari workshop, here is your place of joy! Come surrender, empower yourself, get gloriously silly with fellow kink lovers. Let’s fill the place with moans, whispers, screams, laughs, ropes, cuffs, gags, paddles, harnesses, crosses and lust! Consent angels at your service (this is not an invitation to dominate the angels).",Adults,Curious Creatures,,,Curious Creatures,2026-07-09,22:30,240,No,1,Approved,2026-06-08 12:19:23,Curious Creatures
b9d7603e-8cd8-4e48-acbc-3fce09dd3ff7,Techno Night,"A darker, deeper night for curious creatures. Join our party with your outfit of choice: fetish, latex, harnesses, leather, black, bold, or anything that makes you feel yourself. Expect techno, sexy vibes and a dancefloor ready for your shadow side.",Party,Curious Creatures,,,Curious Creatures - Dome,2026-07-09,22:30,270,No,1,Approved,2026-06-08 23:21:31,Curious Creatures
ea1c24da-56fe-4861-b37a-802981eea73f,Glowy Love Boom Boom,"Drawn by the pulse of the drums and the warmth of the flock, the owls gather for a night of celebration. Glowy Love Boom Boom is a burst of color, rhythm, and shared joy, where every beat lifts us higher, every dance sparks a connection, and every soul becomes part of the flight.",Party,Glowy Owl,,,,2026-07-09,23:00,300,No,1,Approved,2026-06-08 21:36:50,Glowy Owl
8e60328d-a451-4fa5-9454-415f00862e4e,Secret Cabaret,"A dream like anime-inspired cabaret of transformation, love and light and your essence…which speaks louder? Unfolding between fantasy and metamorphosis, this piece travels through ritual movement, sensual unveiling, and electric pulse — a journey into mystery, strangeness, and the feminine force beneath the dream.
",Other,Garden of Joy,,,Garden of Joy,2026-07-09,23:00,30,No,1,Approved,2026-06-08 23:38:48,Jing
415cb84a-1d05-4aae-872f-ac20a1b6b8f2,EcstatiKink Party,"Missed the EsstatiKink workshop? Consider this your second chance. Come see how we awaken our senses and open the door to playful, embodied expression. Dance in delicious mystery as the musical journey continues to guide our bodies and open spirits.",Party,Jugaton,,,Jugaton Salon,2026-07-09,23:45,240,No,1,Approved,2026-06-03 18:03:09,Jugaton Crew
d3f46024-4568-4de4-b140-8c7bf1ff6aa5,Lol you laugh you're out ,Lol you laugh you're out ,Party,Barrio Espace,,,,2026-07-10,00:00,60,No,1,Approved,2026-06-08 23:50:42,Marianne
ea3ef774-3f6c-4e77-8b6c-3f1133c7b44a,Crowd surfing,"Last year I wanted to host a crowd surfing workshop because I wanted to share the feeling of beeing held up by people at a big concert. Sadly I forgot how hot this event is and wanted to do it at daytime. This year Im gonna try again when the sun is down. No research has gone into this, we meet and figure out how to crowd surf. Worst case someone gets to be carried on my shoulders. The more the merrier and the more likely it will work. Safety 3rd",Party,Mirage,,,Mirage Stretch Tent ,2026-07-10,00:00,60,No,1,Approved,2026-06-07 23:56:03,
92681c09-8f79-4d65-be31-e84bb1300016,Percussion Initiation : Feel the Rhythm !,"Join us for a playful introduction to percussion where rhythm becomes a universal language! Discover the joy of drumming, explore different sounds and beats, and experience the energy of creating music together. No experience needed—just bring your curiosity, your hands, and your smile. Let's connect, groove, and let the rhythm move us!",Workshop,Glowy Owl,,,,2026-07-10,00:00,60,No,1,Approved,2026-06-08 13:28:41,Smoothie
d9d5a4d5-8b8f-490b-9309-11c41ae51652,Not your usual morning orgy,"From 4am, come to our playroom with your pajamas to sleep through the end of the night. Softly wake up with the first lights of dawn and the gentle caresses of (no)bodies around. At a slow pace the energy builds as the sun rises. Let's make this birthing day an opportunity to move beyond our conventional attractions, explore connections we usually wouldn't. With a special attention to consent anything is possible. Soft Kinky practices invited.",Adults,Le Gratin,,,Playroom,2026-07-10,04:00,210,No,1,Approved,2026-06-07 05:16:59,Rose
ebd988c7-6c89-4f16-9cf5-a9f18acef0cd,"Reiki, human connection, and nervous system care",Simply all of the above.,Adults,sssh!,,,sssh! dome,2026-07-10,09:00,60,No,1,Approved,2026-06-04 14:05:47,Sivan
00762a28-dcf9-4840-a3db-61e3de2dfdf4,Medicinal Dance,"Learn how to feel better in your body through dance! Create theatre with movement, attract love, feel confident.",Workshop,Oasis Playground,,,,2026-07-10,10:00,60,No,1,Approved,2026-06-02 15:16:40,Alexandre
66a4f6f9-ecc8-4e4e-9fc0-be74e4310c28,The Sensual Symphony,"Find your inner erotic voice—the one that hums, purrs, sighs, screams, and occasionally surprises you. We’ll wake it up with a playful tasting of juicy fruit, noticing how flavor turns into sound. From soft moans to delighted giggles, we explore how sensation becomes voice. Then we blend together into a sensual symphony—an improvised orchestra of pleasure, breath, and sound.",Workshop,,MoE - Middle of Elsewhere,Ania,,2026-07-10,10:00,60,No,0,Approved,2026-06-08 18:18:05,Tanner
f0620d5a-bccd-480d-b0c2-bcdeed61246b,Origami Workshop,"I'll bring the Papers, and you bring your hands! I will teach people how to make nice origami models, from simple paper planes to beautiful detailed dragons, we will choose as a group what we want to learn :)",Workshop,sssh!,,,shhh! dome,2026-07-10,10:00,60,No,1,Approved,2026-06-04 14:06:17,Afik
a15bc2dc-9d90-4b38-9a5f-d3ece9b11948,Morning relax and wake up your muscle 	,"After a long or short, let's reconnect to our body wakingup and relaxing our muscles to our brain",Workshop,Barrio Espace,,,,2026-07-10,10:00,60,No,1,Approved,2026-06-08 23:59:18,
6adc9481-f9c0-4cd9-9e8c-eca5012e5201,Rise & Flow,"Get your day started with this one-hour vinyasa Yoga flow weaving together rhythm, breath, and movement - designed to wake up every part of you and set you up for a day full of desert adventures. All levels welcome. Just bring yourself.",Workshop,Here & Meow,,,Beduina,2026-07-10,10:15,60,No,1,Approved,2026-06-08 08:40:35,Eva
e0a965ea-63cf-4ec6-98dc-17c4e5995835,Weird instrument jam,Like previous years. I simply love to jam experimentally with people who bring weird instruments. You can totally bring random objects too.  This year I may have extra things to experiment with.. Let´s see what is going to happen,Workshop,Mercurial Retrogrades,,,Mercurial Retrogrades,2026-07-10,11:00,60,No,1,Approved,2026-06-03 22:46:25,Christine
bb8a1b46-80f9-4496-aa30-689fd89056fd,Let's be honest,Come explore what it's like to tell the truth and nothing but the truth to a stranger within a safe and welcoming space.,Adults,Wonderever,,,Wonder Carpet,2026-07-10,11:00,90,No,1,Approved,2026-06-06 19:37:22,Bloom
f3c4fcc2-b079-41c1-959b-549655ee1152,Owly Circle Song,"Come sing and clap along with us, connect your body and your voice and share the energy. Let's wake up your inner hidden talents ! ",Spiritual / Healing,Glowy Owl,,,,2026-07-10,11:00,60,No,1,Approved,2026-06-08 13:24:39,Moya
d7268b23-c838-4d3a-8627-63376a93e028,IFS Guided Meditation for Inner Healing,"Back after last year's success! Discover IFS: A powerful (research-backed) method to calm tension, resolve conflicts (inner and outer), and attain clarity within yourself with a trained IFS practitioner. [registration for individual sessions also possible].",Spiritual / Healing,Bread & Tomato,,,,2026-07-10,11:00,60,No,1,Approved,2026-06-05 16:56:32,Ben D / Roshi
0315250a-4d6b-4d11-b2f7-68b25732c547,Mimos y Mimosas,"Have you ever had those moments where you could use a good morning pick-me-up, something fresh to cool you off and keep you going? Keep an eye and ear open for your Mimosa fairy godparents as we float around the playa serving mimos and mimosas. ",Food and drink,Hyperflow,,,Floating around the playa!,2026-07-10,11:00,90,No,1,Approved,2026-06-06 14:47:05,Katya
a4defe2b-c9d6-41ac-a3ba-78631c5df111,Morning massage workshop,Learn the basics of massage therapy at sssh!! Come by yourself or with a partner. Each day will cover a different set of practices which will help you to relax and recharge at Elsewhere!,Workshop,sssh!,,,sssh! dome,2026-07-10,11:00,120,Yes,1,Approved,2026-06-04 14:17:17,sssh! massage team
a4defe2b-c9d6-41ac-a3ba-78631c5df111,Morning massage workshop,Learn the basics of massage therapy at sssh!! Come by yourself or with a partner. Each day will cover a different set of practices which will help you to relax and recharge at Elsewhere!,Workshop,sssh!,,,sssh! dome,2026-07-11,11:00,120,Yes,1,Approved,2026-06-04 14:17:17,sssh! massage team
88d82f95-f04d-42b9-a90b-ee3b79623d5e,Panties Together: World's Longest String of Undies,"Help is stretch a panties chain across the playa. Drop yours, tie it up. No clean ones required, we like them spicy. ",Adults,Shenanicamp,,,Shenanicamp,2026-07-10,11:00,60,No,1,Approved,2026-06-07 13:56:14,Andrea
56737d57-0e23-4c59-b0c2-ad986cf9dd36,In recovery: AA and NA,We know it's rough and draining to be surrounded with alcohol and substances while being in recovery. Do you feel the need to share and attend an AA/NA meeting? Join us on one of the more challenging days of the week. Only open to people in recovery.,Adults,Come & Play,,,Thunderdome,2026-07-10,11:00,90,No,1,Approved,2026-06-07 23:10:58,Partygirl
3dceb20c-8397-4599-bbca-9ffeb3fe421f,The how and why of meditation,"Whether starting a meditation practice or picking up some extra tools for your arsenal, come join our meditation atelier. Discover a handful of new meditation techniques, how to utilize them, and how they work.
Que ce soit pour commencer la méditation ou pour ajouter quelques outils à votre arsenal, rejoignez notre atelier de méditation. Venez découvrir de nouvelles techniques, comment les utiliser et comment elles fonctionnent.",Spiritual / Healing,Ran'Dome®,,,Big dôme,2026-07-10,11:00,45,No,1,Approved,2026-06-22 21:53:59,Trembles
5a661847-b417-4c93-a93a-e1fe4d87bc06,How can I say yes if you don't ask me? ,"A playful, tender, and courageous workshop about asking for what we really want — even when the answer might be “No.” Together we’ll explore authenticity, desire, vulnerability, embodied consent and the art of making clear asks, while gently strengthening our “rejection muscle.” Expect connection, honesty, racing hearts, a few uncomfortable laughs, and maybe even getting a desire or two fulfilled.",Workshop,Yes!,,,Dome,2026-07-10,11:30,120,No,1,Approved,2026-06-05 18:08:21,Maya & Be
43a68b71-141c-4c67-9f16-f99f3222383d,Tickles and Giggles,"The space to get your breath tickled away. Soft, wild and goosebumpy ecstatic. Safe word might be needed. Yet surrender could be sweeter - it's your call ;)",Workshop,Yes!,,,Mr Stretchy,2026-07-10,11:30,60,No,1,Approved,2026-06-05 18:08:21,Be
1dd8eda0-8938-443a-8cd4-2d32da7d8026,Silly human pyramids : contest ! ,"A workshop to make random piles of humans 😀 You like to climb on people ? To be a solid rock for others to fly on you ? Make art out of your body together with other bodies ? Come and have fun with us ! We'll have teams, a jury and various pyramid themes to play with 😀. 
Come as a participant or jury member. 
[Bring a towel: pyramids don't work that well with sweaty animals 😛]",Kids,Le Gratin,,,Chillroom,2026-07-10,11:30,90,No,1,Approved,2026-06-06 01:52:16,Lili
45fc5329-9baf-4a49-af0a-9dccd5a2df32,Psycho-chemistry for better living,"There is something about chemistry happening on Fridays, and we like to offer a gentle guideline to have the best possible experience, or at least increasing the chances it will be a good experience. This used to be the ""psychedelic survival guide"", but we want also to exchange tips and trips to have AMAZING experiences, not just to avoid the bad ones. We will exchange tools, tips, ideas, success stories, and epic failures about psychedelics.",Workshop,Here & Meow,,,Beduina,2026-07-10,11:30,90,No,1,Approved,2026-06-07 22:17:53,Alex & Pau
a055afab-276d-4c60-82bc-d7a04e159409,Prayers for all,"Such an intimate and personal address, taking so many shapes in the heart of people and religions. Come to discuss what prayer means to you and the practice it takes in your life.
For those who wish, we'll do a collective prayer at the end, expressing our gratitude to be here and wishing wellbeing to all the suffering lives in this world.
Open to curious and non-praying people. Feel free to bring music.",Spiritual / Healing,Hyperflow,,,Dome,2026-07-10,11:30,60,No,2,Approved,2026-06-07 19:36:08,Mateo
4c35aa19-c75e-4bc6-a503-224523d81de5,Psychedelic Breathwork,"This is a one-hour breathwork journey where breath, music, and guidance take you on a powerful inner experience. Join us for the flight! Drug-free. This event will be provided in English (or french if needed). ",Spiritual / Healing,,MoE - Middle of Elsewhere,Ania,,2026-07-10,11:30,60,No,0,Approved,2026-06-08 14:30:47,Hibou
0be97e07-3cfc-48aa-adde-991e3298edea,Artist Experience Meetup,"What does it really take to bring an artwork to Elsewhere?

Join fellow artists, makers, builders, and dreamers for an open exchange of experiences, lessons learned, and creative insights. Artists will introduce themselves and share the successes, failures, challenges, and surprises they encountered while creating and bringing art to the playa. Together we'll explore topics such as creative process",Other,Curious Creatures,,,Curious Creatures - Dome,2026-07-10,11:30,90,No,1,Approved,2026-06-08 17:45:37,Wouter
3208bf0b-befc-4d7e-8db9-de5bf89b5454,Instant choir! ,"We'll warm up our voices and learn Rövarsången together from scratch, in three-part harmony. The song is mostly nonsense syllables, so there will be no lyrics to memorize. By the end, we'll sound like we've been rehearsing for weeks (or we'll sound like a weird modern jazz acapella group).
No experience necessary, just an urge to make sounds with others! ",Workshop,Olive Odyssey,,,,2026-07-10,12:00,90,No,1,Approved,2026-06-04 21:22:17,Idun & Elise
b98a7b79-663c-4b2a-9c5d-65d13bdf47a8,Yoga amazónico,"Bringing the rhythm of the Amazon rainforest to the heat of the desert: take a deep breath, stretch your body, and connect with your sacred animal.",Spiritual / Healing,Bread & Tomato,,,,2026-07-10,12:00,60,No,1,Approved,2026-06-05 16:54:49, Vicmoon & Dj Ternura
a404cf2a-b747-40aa-9b0b-bbdb48063713,Percussion Initiation : Feel the Rhythm !,"Join us for a playful introduction to percussion where rhythm becomes a universal language! Discover the joy of drumming, explore different sounds and beats, and experience the energy of creating music together. No experience needed—just bring your curiosity, your hands, and your smile. Let's connect, groove, and let the rhythm move us!",Workshop,Glowy Owl,,,Glowy Owl,2026-07-10,12:00,60,No,1,Approved,2026-06-20 19:33:47,Smoothie
129d6b63-a79e-44d4-b971-59dfd53998c6,Chain body jewellery making,Come and learn to make a chain harness or other body jewellery,Workshop,Mercurial Retrogrades,,,Mercurial Retrogrades,2026-07-10,12:00,60,No,1,Approved,2026-06-06 20:53:37,Beatrix
55bcc2d0-269b-4521-b835-39d699b9b002,The Alternative Blind Connection,"An immersive workshop where participants meet and connect in complete darkness, beyond appearances, through a guided sensory experience focused on presence and perception. (Adults only – Max. 10–12 participants).",Adults,sssh!,,,sssh! dome,2026-07-10,13:00,120,No,1,Approved,2026-06-04 14:07:56,Benoît
4cedd0c2-9149-47b5-bb80-a3a69a4bfde4,Desert Vibes Bellydance,"A soft and playful introduction to ancestral bellydance movements inspired by serpent-like ondulations and hypnotic drum beats. Through fluid hips, soft arms, and grounded sensuality, we’ll explore feminine energy, body connection, and the pleasure of moving like warm desert wind ✨",Workshop,Yes!,,,Mr Stretchy,2026-07-10,13:00,90,No,1,Approved,2026-06-05 18:08:22,Sandra
ece75708-0ba6-42c5-adf0-936fc4489ec3,ABC Feast: What’s the Big Deal?,"This workshop is gross. Take the ABC food challenge with fellow playa mates and see how far you and they are willing to go. Be entertained and alter the way you see food, forever. Tasty snacks provided.",Workshop,Wonderever,,,Wonder Carpet,2026-07-10,13:00,60,No,1,Approved,2026-06-06 21:15:20,Doctor Cowzoff
39cafa68-f41a-4e6d-86c6-820a00f7161d,Guided Meditation into your Future,"As a queer person you face unique challenges in this world, and a lot of us struggle with a sense of belonging, or insecurity about the challenges that lay ahead. I want to guide you into envisioning your future in a way that can hearthen and strengthen you.
",Workshop,EYAO,,,Eat Your Art Out,2026-07-10,13:00,60,No,1,Approved,2026-06-06 23:30:27,Arty
cb97cff6-409f-40fa-8ba1-75cde3db8d4e,Ugly Dancing ,"Do we all need to be pretty when we dance? No! Let's embrace our authentic selves, and get down in an ugly way, with awful faces, unsmooth transitions and terrible rhythm. ",Workshop,Shenanicamp,,,Shenicamp,2026-07-10,13:00,60,No,5,Approved,2026-06-07 13:47:54,
23e6302f-02eb-4e4f-b2c4-5dbadb442ea2,Mirage Masquerade -Come Create Your Playa Persona with Mirage!,"Tired of the same old face? Mirage invites you to design a wearable alter ego. Whether it’s a desert spirit or a cosmic traveler, come create a mysterious creature inspired by your imagination. We provide the masks and paints; you bring the vision. No experience is needed! Wear your masterpiece, gift it, or take it home as a unique keepsake. We can’t wait to see the magical and bizarre faces you bring to life.",Workshop,Mirage,,,Mirage tables next to kitchen,2026-07-10,13:00,180,No,1,Approved,2026-06-07 23:56:03,
b5fa772c-8e6b-48b3-a599-84fbe193735c,Dick helicopter competition,"Decades of evolution have brought humanity to this moment. The ancient art of the helicopter finally receives the recognition it deserves. Step up, spin for glory. A distinguished panel of judges will assess technique, amplitude, duration, and je ne sais quoi. All anatomies welcome. No prior training required, though enthusiastic preparation is appreciated. May the best helicopter win.",Adults,Dusty Dreamers,,,,2026-07-10,13:00,60,No,1,Approved,2026-06-23 15:08:40,Jero
01cc2f6c-e41a-46ef-a19a-5a0d35d885ad,Signals Beyond: A Guided Connection Meditation,"Inspired by the teachings of the book Signs, this workshop is a guided meditation experience designed to help participants connect with a loved one on the other side. Together, we will explore intuitive connection and consciously define a personal sign to recognize their presence and communication in this plane.",Spiritual / Healing,Olive Odyssey,,,,2026-07-10,13:30,90,No,1,Approved,2026-06-04 20:33:01,Antaria
5cfc7e42-7799-4228-8754-241e76fe4a40,Drunken Sailor contest,"Arrr, sailor - stumble this way and abandon your dignity at the dock. Be prepared to proof how much of a sailor is in you and beware the seducing mermaids and their treacherous charm. No alcohol needed—just commit to the stumble and the spectacle. Costumes welcome, grace optional.",Workshop,Hyperflow,,,Dome,2026-07-10,13:30,60,No,3,Approved,2026-06-07 20:19:04,David & Noah
e60eb06f-81ff-433f-a7bf-1ab5819e81fe,The Fuck You Want - You get what you ask for,"Know that person who can say exactly how they want to touch and be touched? You could be them. Venture beyond shame, politeness, and expecting others to read your mind. Come have some yummy interactions and discover what becomes possible when you stop hinting and start asking for (what) the fuck you want.",Adults,Curious Creatures,,,Curious Creatures - Dome,2026-07-10,13:30,90,No,1,Approved,2026-06-08 17:47:18,Mette K.
c137405f-ba6f-4124-a39f-0659a18bfadd,Chanson Charade,"""Pantomime my ass. Move like nobody‘s watching, while- in fact- everybody does! 
You´ll get a song which you´ll perform so the others can guess. Guess...is it...Jazz? Scooter? Or Joan Baez? What was the song called again? A Charade for music nerds, ballet ravers and quiz game masters. """,Workshop,Here & Meow,,,Beduina,2026-07-10,14:00,60,No,1,Approved,2026-06-04 19:32:25,Lisa& Dirk aka Gott&Schalk
36e57118-5b1d-4d0d-945c-d984515a23eb,Conscious Cocksucking,"Goal: improve everyone's pleasure and satisfaction when it comes to oral sex for penises. For both givers and receivers. Pairs/solo. Exercise for grounding, getting into a giving / receiving mindset, being fully present. Changing the paradigm from orgasm-oriented to a journey of pleasure and care for both. And of course some techniques! No actual penis-mouth contact. We will use dildo's and candy. ",Workshop,Yes!,,,Dome,2026-07-10,14:00,120,No,1,Approved,2026-06-05 18:08:21,Karo
bfffb638-734b-4567-9a08-75fb457e2f90,Melt Into Bliss - Tantric Healing Massage,"Allow deeply held stress to dissolve as you receive a tantric massage. After you melt, you become the giver, sharing your bliss. Finally, the giving and receiving happens at once: joy, connection, sensuality become one, allowing deep healing. This is a one-to-one offering, not a workshop. Find me/Andrew early to avoid disappointment.",Spiritual / Healing,sssh!,,,Temple Space,2026-07-08,14:00,120,Yes,1,Approved,2026-06-05 15:37:05,Andrew
bfffb638-734b-4567-9a08-75fb457e2f90,Melt Into Bliss - Tantric Healing Massage,"Allow deeply held stress to dissolve as you receive a tantric massage. After you melt, you become the giver, sharing your bliss. Finally, the giving and receiving happens at once: joy, connection, sensuality become one, allowing deep healing. This is a one-to-one offering, not a workshop. Find me/Andrew early to avoid disappointment.",Spiritual / Healing,sssh!,,,Temple Space,2026-07-10,14:00,120,Yes,1,Approved,2026-06-05 15:37:05,Andrew
18347ff4-4831-4b8c-b9c6-430d45f0e313,Birdbath,"Cuac Cuac! Coin Coin! Birds make lots of noises and do a lot of weird things. We're going to try some of them out, get into the mind set of these ancient creatures, then descend on an english garden and cause complete mayhem in the giant birdbath!",Other,Barrio del Sol,,,,2026-07-10,14:00,60,No,1,Approved,2026-06-06 21:01:14,Lucas/Ali
9aa18e1a-dd84-4591-b41d-73f4b6e862d6,Ass-it Friday Party,"Ease into your journey with a party that’s low stakes but high vibes. 
Sink into a conversation puddle, have a giggle fit, or dance yourself through a musical wave. Whether you’re mid-journey, post-peak or just feeling delightfully useless, this one’s for you. No pressure, no plan. Just playful silly magic.
Best music guaranteed!
",Party,Jugaton,,,Jugaton Salon,2026-07-10,14:00,300,No,1,Approved,2026-06-03 18:14:18,Jugaton Crew
2cad517d-ec8d-40d5-8835-90d150035228,Vocal Release,Let Esben lead you into the world of joy and passionate screaming. No experience requiered.,Workshop,JamHouse,,,,2026-07-10,14:00,120,No,1,Approved,2026-06-08 07:40:24,Esben
74b8ea0e-3f3b-467b-a4ff-f2590b97e52b,"YES, AND… YASSS! Queer Improv Theatre (Part 2)","The second instalment of our two-part queer improv journey — come back for more laughter, more connection, and more spontaneous storytelling. Newcomers also welcome! No theatre experience required.",Workshop,Peach Please,,,Dome,2026-07-10,14:00,90,No,1,Approved,2026-06-08 11:42:32,Ivan
09387702-6b9d-42c5-bac3-c60b254051bf,Xaden is riding his dragon to the playa! Spicy Novels Siesta-time Reading,"Xaden and Violet share their spicy chapters. Come and have your siesta time listening some naughty scenes from your favourite novel and other erotic books - SPOILERS included! It will be followed by a chilled chat on sexuality freedom, taboos, limits and whatever topic emerges. Bring your mat & blindfolds. There is no actual sex in this session, just indulge in listening and talking!",Chillout,Camp Cambio,,,,2026-07-10,14:00,90,No,1,Approved,2026-06-07 23:35:20,Fofi & José
c71e6080-99fc-4783-bee8-dcc4b1bd01d5,Power Animal Circle,"Power Animal Circle is a method of shamanic journeying to the underworld to meet your power animal. We do a solo journey and then a paired journey. Your power animal serves as a mythic guide to uncover your subconscious mind and help you along the way. This style of facilitation is done by Shamandome, a camp at Burning Man.",Spiritual / Healing,Glowy Owl,,,,2026-07-10,14:00,120,No,1,Approved,2026-06-08 21:04:09,Sriracha
a29566aa-da4d-4495-8191-5ecf3216343a,The Great Penguin Snowball Fight,"The Water Pistol Fight has enjoyed an uncontested reign for far too long.
Join us for a glorious snowball battle fought with shaved ice, determination, and complete disregard for efficiency. Help us prove that frozen water is superior to liquid water
History will remember us. Whether as heroes or fools remains unclear.
",Workshop,,The Slutty Penguin Bar,Spacefish,The Slutty Penguin Bar,2026-07-10,14:00,30,No,0,Approved,2026-06-08 21:55:29,Rumor and Spacefish
8d9c9056-8f3b-491e-914d-f27155709fe3,Ice Massage Experience,"Adults only, sexual. Consent.
40°C in the dust? Dreaming of goosebumps? Welcome to the Ice Massage Experience.
Bring your partner(s), communicate ur boundaries, share ur consent, raise ur hand so that I hook u up with some cubes, give each other refreshing ice-cube massages, explore the surprising sensations of touch, cold & deep connection, & enjoy the moment.
Please shower beforehand & bring a towel.
Let’s melt the heat with ice.",Adults,Garden of Joy,,,Garden of Joy,2026-07-10,14:00,60,No,1,Approved,2026-06-08 18:27:14,Bee
3afad084-a732-4867-8d2b-616aba0108b3,Colourful Rear Views,"Want your butt in the portaloo gallery next year? Come and get your butt painted and photographed, you may either take your polaroid home or it'll be part of the gallery of asses in next year's toilets!",Workshop,Oasis Playground,,,,2026-07-10,14:30,60,No,1,Approved,2026-06-02 15:14:22,"Alina, Suds & Kat"
da8e1c8a-840e-4824-934e-83b67ed332de,Strip Down & Throw Down: Naked Striptease Dance Battle,"The most liberating showdown in the middle of nowhere, where inhibitions are shed as freely as fabric! Whether a seasoned tease or a first-timer feeling the heat, revel in the art of the slow reveal, the cheeky bump-and-grind, or a sensual shimmy. We'll hype you up as you dance off 1v1 with playful body-positive bravado and the unapologetic joy of letting it all hang out. Undress as far as you'd like turn by turn guided by a soulful sexy DJ set!!",Adults,Hyperflow,,,Infront of Hyperflow,2026-07-10,14:30,90,No,1,Approved,2026-06-08 00:26:46,Velvet & Chips
850f0a47-8e38-4a38-9a64-9a99645fb06f,Potato Tantra: 30 mins to sex goddessness,"Seeking tantric godhood, but it's too much work to do all that therapy? FINALLY here's a fast track method to outsource all that inner work into an unsuspecting root vegetable and liberate yourself FASTER - no need to bring your own potato. We will accommodate all levels of psychedelic states - come as you are",Adults,sssh!,,,shhh! dome,2026-07-10,15:00,60,No,1,Approved,2026-06-04 14:09:37,R
78c9b07a-a57b-4b86-a16e-64e46e32e820,Body Painting & Henné,It's Friday night : dive into colors and turn your body into art! Come get painted and get wild! ,Chillout,Belly Town,,,Belly Town,2026-07-10,15:00,90,No,1,Approved,2026-06-04 15:07:28,Philou
7032d852-4104-4a56-a0c1-49224081e83f,Vibrating speed dating,"Just like speed dating, but some participants wear vibrating toys, and others have a random remote. Find your mates then swap remotes! Bring your roaring toys as we won't have enough for all",Adults,Come & Play,,,Thunderdome,2026-07-10,15:00,90,No,1,Approved,2026-06-05 21:26:52,Pipo
8d1137ca-4f28-46ea-a922-65c0a7a8c345,The Power of Turtle Sex,"This is a turtle mating imitation contest. Mmh, what?? Just come compete and be judged by official judges. An audiovisual performance paying tribute to our turtle friends who give their all during their mating moments.",Other,Barrio del Sol,,,,2026-07-10,15:00,60,No,1,Approved,2026-06-06 21:02:20,Loy/Sarah Cherry
70167f27-83cc-492c-941b-58146a7b936a,Acro dance lift,Do you want to incarnate Jennifer Grey and Patrick Swayze in dirty dancing? Than this workshop is for you!  We will learn and practice some (dirty) dance lifts and try to connect them into nice little choreography worthy of Hollywood/Bollywood. Come alone or with your flyer/base ! ,Workshop,Hyperflow,,,Dome,2026-07-10,15:00,90,No,2,Approved,2026-06-06 14:52:21,Michael
3dd94170-3aa9-4bda-9de3-1ee5ec1c1972,Assisted siesta,Live ambient and chill music to enjoy a good siesta in the shade,Chillout,Olive Odyssey,,,,2026-07-10,15:00,60,No,1,Approved,2026-06-07 19:23:39,Fresco
26b7e587-fb4f-4151-88a4-779771d52bbd,Stretched Pony,"Stretched Pony offers a playful flow of gentle stretches with the embrace of the magical horse potion. It softens the body, quiets the mind, and unlocks creativity you didn't know was hiding in your dusty bones. Let your body speak in ways your sober muscles wouldn't dare.
Come in a dusty human. Leave a sparkling, stretched pony. 🐴✨
",Workshop,Garden of Joy,,,Garden of Joy,2026-07-10,15:00,60,No,1,Approved,2026-06-08 00:28:01,Basem 
66dc8271-2a7e-4bd8-8c3f-36d7ea4f6e7b,Circulating sexual energy,"Introduction to the powerful Daoist teachings for a healthy and fulfilling sexual life by cultivating and circulating your sexual energy throughout your body. When practiced regularly, you will be able to tune in to your inner body and create movement within your sexual energy in order to amplify the connection with your partners and tame orgasmic waves to discover a new ocean of possibilities.",Adults,Yes!,,,Mr Stretchy,2026-07-10,15:00,75,No,1,Approved,2026-06-08 11:36:09,Yoris
67ec7308-9b43-4e6f-bcf7-044dcfc2a4c9,A solo-together sad acoustic bath,There is something cosy and warm in a sad tune. A certain sweetness in the heartache. Let's jump together into this puddle of shared sadness where we will listen to sad melancholic tunes together. Bring your best tune and share with us.,Spiritual / Healing,,MoE - Middle of Elsewhere,Ania,,2026-07-10,15:00,75,No,0,Approved,2026-06-08 14:35:56,Benedicite
c1bf381c-e4fe-4cfb-917c-b9f62359f962,Womb awakening: tantric energy practice (women only),"How often do you give yourself space to choose pleasure, and feel deeply into your sensual and sexual energy? Together we will use circular breath, tantra practices and sound to allow our energy to rise like a fountain and enter states of bliss, surrender, energy orgasm or discover new sensations, with curiosity, groundedness and gratitude. A practice just for those who identify as women. ",Spiritual / Healing,Camp Cambio,,,,2026-07-10,15:30,90,No,1,Approved,2026-06-07 23:57:50,Julia
6d02caa5-257f-47ff-a39b-6db9dda8b638,Listening Session: Elvis One and Only ,"Too much Elvis? No such thing.
From hip shaking rock’n’roll classics to dramatic heartbreak, Vegas glitter and suspiciously emotional ballads — this set is 100% dedicated to the King. That's the mooooood",Chillout,Mooncows,,,MoonCows Lounge,2026-07-10,16:00,60,No,1,Approved,2026-06-07 21:54:55,Sagira
5c290c08-9ae9-4207-b19b-d4458e7d9b76,Confessions chamber with Alex,"""A judgment-free confessions chamber where your darkest secrets are met with zero consequences and deeply unqualified emotional processing.
 We sit in a circle and confess. No comments, reactions or questions.""",Adults,sssh!,,,shhh! dome,2026-07-10,16:00,60,No,1,Approved,2026-06-04 14:10:19,Alexandra
e698408c-db1e-43c4-a8f1-66ad70fc964d,Human bowling 🎳 ,"The Famous Human Bowling is back on the Playa !!  Come one, come all to see the grand soapy slippery slide spectacle  of naked human torpedoes trying their luck at a glorious strike.  Come slide into absurdity outside HyperFlow 🎳 ",Party,Hyperflow,,,Infront of Hyperflow,2026-07-10,16:00,120,No,1,Approved,2026-06-05 18:08:00,Noah
56f68b52-46fa-491c-ba8b-51bbc3960271,Kinky Beads & Dirty Gossip,"Because some people like tying ropes, and some prefer stringing beads. Come craft a bracelet for your crush, a necklace for your favorite partner-of-the-moment, or a little keepsake to celebrate your desert adventures. Free-form creativity, consent-forward conversations, generous compliments, and carefully curated gossip from dungeon to dancefloor await. No experience needed — just curious hands, a playful spirit, and maybe a story to share.",Workshop,Le Gratin,,,Chillroom,2026-07-10,16:00,120,No,1,Approved,2026-06-06 01:50:40,Angèle
8965d8a1-9aed-49be-92ea-a6f661784d96,Rachmaninoff's Symphony no 2,"Rachmaninoff's Symphony No. 2 in E minor, Op. 27: a four-movement composition for orchestra, renowned for its lush melodies, emotional depth, and rich orchestration. Written in 1906–07, this masterpiece blends Romantic intensity with sweeping lyricism, featuring soaring themes, dramatic climaxes, and a hauntingly beautiful slow movement.",Other,Barrio del Sol,,,,2026-07-10,16:00,60,No,1,Approved,2026-06-06 21:03:06,Themistoklis
86baa90f-bba9-4ba5-a4a4-f028c24dfb20,Seasonal Touch Playground,"A 4-hands massage workshop inspired by the four seasons. Through temperature, touch, pressure, impact, ropes, breath, and sensory play, explore different textures of intimacy in a consensual, creative space. Winter: ice and cold contrasts. Autumn: breath play, slow caresses. Spring: deeper pressure, kisses, growing tension. Summer: biting, scratches, impact, ropes — bring your favourite toys! Genital touch welcome. No penetrative sex.",Adults,Peach Please,,,Dome,2026-07-10,16:00,60,No,1,Approved,2026-06-08 11:42:32,Zora & Maïna
3780f222-e22c-44a2-9029-a27d289bd30b,Xtacid Dance,"An xtacid ancient future music trip, transitions playing with polarities to meet in the core. No mainstream, but a genre bursting psychomystic dance from otherworlds with cutting-edge electronic beats from all over the world. Connect with your inner Sacred FooL, feel to heal and… freak out!",Party,Here & Meow,,,Beduina,2026-07-10,16:00,150,No,1,Approved,2026-06-08 13:25:14,Sacred FooL
64e99e33-01a0-438e-ba2e-06ba3550fd48,Capture your fabulous look 4 eternity,"Show off your amazing look and have your portrait taken, the weirder the better! Printed on the spot onto a postcard, take home a personal memory of your flamboyant playa alter ego. No digital trace left behind. No need to arrive at the start of the workshop, come by when you're ready.",Workshop,Mirage,,,Mirage Stretch Tent ,2026-07-10,16:00,90,No,1,Approved,2026-06-07 23:56:03,Spooky
83eaae4b-2fd5-4a5b-90bb-e3083e581611, Liquid Love for Vulva Owners,"Large-scale collective oil bath, ritualized and held in a safe space by Séverine Grisel Goetz, Tantra teacher. This special Friday session is dedicated for people owning a vulva. Arrive on time, there are limited spots.",Adults,Curious Creatures,,,Curious Creatures - Dome,2026-07-10,16:00,120,No,1,Approved,2026-06-08 17:44:10,Séverine Grisel Goetz
4f7b2d75-f0e4-4298-bc79-505e70c86704,Elsewhere Free Tour,"All you want to know about hippies, but are afraid to ask. 

Join us on a guided tour of 'Elsewhere', where our experienced guide will take you on a tour of different 'barrios' and show you quirks, customs and mating habits of Hippies & co.
Please wear appropriate Normie clothing (we don't want hippies to take us for one of them). Don't forget your bestest camera (no SIM card in it though, please) and whitest socks in your sandals. ",Other,Here & Meow,,,Here & Meow chill area,2026-07-10,16:00,60,No,1,Approved,2026-06-19 17:10:48,Krzysio
89cb23b0-e5fe-4b23-b0ea-1a10dfbb6ebd,Happy vulva,"Face to face with your vulva, face to face with all the vulvas around you — what are the conversations our vulvas want to have? What are the juicy histories, the shame-filled ones, the erotic ones our vulvas are ready to share? Using some safe materials, we are going to create a face-to-face representation of our vulvas through printing.",Adults,Come & Play,,,Thunderdome,2026-07-10,16:30,60,No,1,Approved,2026-06-10 12:17:21,Lila
9a33dd36-4716-44ec-ae03-caad284dacd5,Men Heart Circle - Sexuality,"Men are invited to talk about sexuality - no questions, no feedback, no judgement.",Adults,Yes!,,,Mr Stretchy,2026-07-10,16:30,60,No,1,Approved,2026-06-05 18:08:21,Niv (Kippi)
c3383ccf-e144-4d58-8e46-247e0f13fec9,Pillow fight ,Grab your pillow and become a child again for your best ever pillow fight,Workshop,Garden of Joy,,,Garden of Joy,2026-07-10,16:30,60,No,1,Approved,2026-06-07 22:45:10,Morphee
066edd96-810f-4ec6-8235-fc03d64fc885,At *Your* Mercy,"Two participants, with pre-agreed boundaries, place themselves entirely at the mercy of the crowd. You suggest the instructions. They accept, refuse, or defer to the Judge for a final call. Nothing is off-limits. Expect kink, tension, power play, nudity, intimacy, and moments that balance discomfort with delight. Crowd-driven BDSM, shaped in real time. Fancy partciptaing? Find Judge at YES.",Adults,Yes!,,,Dome,2026-07-10,16:30,75,No,1,Approved,2026-06-08 11:36:49,Judge
4d10dea5-26f2-4c86-851a-7fff564ddf8b,Teen House Party,"Nostalgic for your teenage years? Want to play Truth or Dare or other silly teen games with your adult confidence, way less peer pressure, and a good dose of consent? Want to give it everything to the best 2000's hits? Come to the Teen House Party !",Party,Glitch,,,Glitch playroom then dancefloor ,2026-07-10,16:30,120,No,2,Approved,2026-06-08 10:10:59,Meow
c50a48eb-ad55-40a8-a08c-5473ada1fabf,Tantra for beginner - the Sacred Hug,"Are you curious of tantra but never tried ? Come learn with us how to give a hug in a more conscious and deeper way!  Inspired by neo tantra practices, this workshop aims at teaching poeple how to hug others in more conscious and loving way. This is fully platonic touch, nothing sexual or sensual is involved.",Workshop,,MoE - Middle of Elsewhere,Ania,,2026-07-10,16:30,120,No,0,Approved,2026-06-08 14:38:54,Pig Apostle
164f32ad-e0a3-4a8c-b593-30f9152134d3,"ay, ay, AI – merge your mind with the Burner Mother AI and become a cute agent o","Enter a playful ritual of becoming: a chance to upload your consciousness to the Burner Mother AI and let it reflect back a strange, tender new version of yourself. Through a small act of vulnerability, you are invited to reconnect with the softer, more primal parts of your being and emerge with a new cybernetic-self",Workshop,sssh!,,,sssh! dome,2026-07-10,17:00,90,No,1,Approved,2026-06-04 14:11:15,Miguel & Albert
34abe065-b4e1-4a80-9929-fe0a2e13590b,Deep Acid Listening Session,"A perfect playlist from psychelic rock to acid ambiant. Sober is fine, not sober is better.",Other,Barrio del Sol,,,,2026-07-10,17:00,120,No,1,Approved,2026-06-06 21:03:58,Duckman/Sarah Cherry
fc3b8d8f-2ff4-4242-afe0-0d5a4347b0c7,Collaborative body painting,"Collaborative body painting workshop, to paint yourself or others, in pairs or groups, with your fingers or a brush.",Workshop,Glowy Owl,,,,2026-07-10,17:00,60,No,1,Approved,2026-06-08 21:05:52,Basil
7929b333-96c0-4e71-9e2a-b241078527a5,Escape the dream 	,Take a trip into my weirdest dreams and nightmares and try to escape from it. All your decisions have consequences... Share yours and have a chance to be featured,Workshop,Barrio Espace,,,,2026-07-09,17:00,60,Yes,1,Approved,2026-06-08 23:38:10,Bleakbaron
7708a93c-0a90-45b5-b9f9-fe77b097ccb8,Polydrama Forum Theater,"Have you ever faced poly-drama, i.e., a difficult problem that either exists because of non-monogamy or is magnified by it? Would you like to share it, perhaps process it together, in an interactive, fun way? Join us to learn together through interactive improvisation in an event loosely based on Augusto Boal's forum theater, which is inspired by the ""Theatre of the Oppressed.""
",Workshop,EYAO,,,Eat Your Art Out,2026-07-10,17:30,90,No,1,Approved,2026-06-06 23:36:32,ChaTo
b9f91f54-c261-4b56-8cde-efa757f31e58,Queer-aoké / Karao-Kinky,"Think you can hold a tune? Let's find out. Grab the mic, pick your song, and tell your back dancers exactly what you crave — a lick up the neck, warm breath behind the ear, a bite, roaming hands, or whatever else you negotiate — then try to stay in sync while they do their delicious best to wreck your rhythm. Come for the singing, stay for the squirming. Consent is the headliner; mischief is the encore.",Adults,Peach Please,,,Dome,2026-07-10,17:30,60,No,1,Approved,2026-06-08 11:42:32,David (Violet)
631d95da-abab-4133-9555-a160eb03ec29,MUD BATH,it is what it is,Party,sssh!,,,outside the sssh! dome,2026-07-10,18:00,180,No,1,Approved,2026-06-04 14:16:44,sssh!
939147a2-83a8-4d3f-8f6f-b738c5a41b55,Disco bodypainting ,Feel the groove with natural ochre from Provence ,Workshop,Ran'Dome®,,,Saloon,2026-07-10,18:00,60,No,1,Approved,2026-06-07 21:04:37,Man
cdc8ae2c-ad19-4065-b899-75d501de9d1b,Canard liveshow : featuring you,French rap on techno. Entertainment for all. Please bring any instrument or object that make sound. We will sing and dance together. Or not. We will do what we want.,Party,Le Gratin,,,Chillroom,2026-07-10,18:00,60,No,1,Approved,2026-06-06 02:26:17,Canard
24e37ca7-1205-4c97-8317-35e799c924a7,Barrio DJ Battle,DJ team vs DJ team. A topic is selected. Each team plays a matching song and makes the crowd cheer. Crowd decides who scored. Please register your team in advance. Bring your crowd!,Party,Desert Dessert,,,,2026-07-10,18:00,120,No,1,Approved,2026-06-07 18:15:01,Neoteleost
983306c9-9dee-4bda-a70f-a2983d91fb6f,french accent contest,Take your best accent french accent and start the contest,Party,Barrio Espace,,,,2026-07-10,18:00,60,No,1,Approved,2026-06-08 23:56:56,"Marianne, Alyone"
5f8d34b0-c1bb-41c5-af42-4aa5656e5773,Naked ecstatic dance,"A heart-open celebration of freedom, movement, and radical self-expression. Through immersive soundscapes and consensual connection, we create a playful space where all bodies, identities, and expressions are welcome. Leave behind expectations, embrace presence, and dance barefoot, naked, and free — exactly as you are.",Adults,Garden of Joy,,,Garden of Joy,2026-07-10,18:00,90,No,1,Approved,2026-06-08 18:21:27,Monica and Emily
252ddfed-ac86-429a-a980-0fdc84b5eeca,Returning to Monkeys: Banana Wars,"No humans allowed. Monkeys only

You will be assigned to a monkey tribe, learn the ways of your species and how they move, create your territory and strategy, and enter a reality where bananas are the ultimate treasure.
No human language is allowed. Only movement, sounds, alliances, betrayals, and bananas.
Each monkey tribe possesses different abilities. Unexpected events will shape the fate of your tribe. Steal and defend your bananas!!
",Workshop,Hyperflow,,,Infront of Hyperflow,2026-07-10,18:15,75,No,1,Approved,2026-06-06 14:42:46,Tarek
2eef6df0-d500-4b4f-800c-05a5c98b1e7a,Fusion Dance Workshop,"Connect with others through dancing ! EVERYONE is welcomed. No need to have dance background. Absolute beginners are welcome. I'll guide you to dance with others, have fun and play. Fusion Dance is like an ecstatic dance (authentic dance) but instead of dancing on your own, you dance with somebody else :) It's all about creativity, listening, play, freedom and laugh ! A focus will be on your body sensations and connection with your dance partners",Adults,sssh!,,,sssh! Dome,2026-07-10,18:30,90,No,1,Approved,2026-06-04 13:59:24,Margaux
72c138f9-d48c-4ce1-9b48-0e25e271f57c,Sensual body paint,"Bodypaint workshop as a sensorial exploration. Come to play with color and shape on humans canvas. And... Become the canvas, explore the feeling of multiples brush, fingers and tool all over your body...",Adults,Come & Play,,,Open Space,2026-07-10,18:30,90,No,1,Approved,2026-06-05 21:26:52,Oni
d2d6b03f-2f53-44f9-bb3b-35b8b2a02361,Acid painting,"An alternative ACryliC painting workshop, where we will transform our vision of reality, dreams & consciouness into colourfull painting. Come sober enough to hold some basic equipment. Everyone is wellcome. This will be a workshop in the PLAYA.",Workshop,,Heat under the storm,Yanita,,2026-07-10,19:00,120,No,0,Approved,2026-06-10 07:13:20,Yanita
d38be26d-10b9-4719-9da0-9ce603eb4871,Psychedelic Didgeridoo,"Before the night takes shape, the earth speaks first. Ancient frequencies twisted through time and electricity into something that breathes, pulses and grows. Come stand or lie in the sound. Let it find what needs loosening. An hour you'll feel long after it ends.",Other,Curious Creatures,,,Curious Creatures - Mansion,2026-07-10,20:00,75,No,1,Approved,2026-06-08 17:34:03,Captain Jack
5528ead8-e3a0-49a4-ae86-5fe444129380,!No Rules Jam!,"No rules, no framework. Just a bunch of hippies and musical instruments. Turn up and see what's up. ",Other,JamHouse,,,,2026-07-10,20:00,300,No,1,Approved,2026-06-08 07:40:24,
909bc6c1-cdd0-4572-aef8-a31ade99bacb,The Leftover Bar,"Just imagine the amount of leftovers from a private decade old collection by extremely fussy people. Czech-selfmade-firestarter meets cheap fake Aperol! We'll serve you free shots, nice music and maybe funny games! ",Food and drink,,Somewhere on the Playa,Mo,RV Parking Lot (we'll make sure you find us) ,2026-07-10,20:00,120,No,0,Approved,2026-06-07 23:43:41,Kiki & Mo
65eea49b-52c5-4edb-beb2-e5d40fc4e187,Elsewhere Fashion Week ,"Elsewhere Fashion Week brings the desert's harshest runway to camp, presided over by a jury that has seen everything and forgiven nothing. Dust is the palette. Festival wear is couture. Attitude is mandatory.
Categories will be called. Walkers will be judged. Anna Wintour will be there. She did not come all this way to be impressed easily.
Dress as you are. Walk if you dare.",Party,Barrio Espace,,,VIP,2026-07-10,21:00,120,No,1,Approved,2026-06-03 20:11:32,
7dd45634-b233-42b9-b4a6-8b68fc368d46,The Gratin Cabaret,"A deliciously queer variety show, served fresh from the oven. Menu may include crunchy performances, melting emotions and spicy surprises. From appetizers to deserts, our performers prepared a feast.
Some act may be sweet.
Some act may be salty.
Some may be impossible to classify.
One thing is certain : come hungry.",Party,Le Gratin,,,Chillroom,2026-07-10,21:00,120,No,1,Approved,2026-06-06 01:38:54,The potatoes of Le Gratin 
64811259-efd3-42e8-80cd-aacda9fe4224,Ergot’s Child - Electro-Organic live set,"As Ergot’s Child, we invite you to celebrate acid Friday with us. We will perform our live electro-organic set weaving together psychedelic textures, tribal grooves, live violin, guitar, vocals and electronic soundscapes.  We can’t wait to share our music with you all <3",Other,,MoE - Middle of Elsewhere,Ania,,2026-07-10,21:00,60,No,0,Approved,2026-06-08 14:44:58,Ergot’s Child
d5b99121-bc2a-4922-a08a-74a589b648e3,Freaky Friday,"It is finally Freaky Friday, you know the drill: colorful, weird, wholesome, and a little unpredictable. Dance with us just in front of the Curious Cat and let the sunset open the portal into a night where anything is already happening. Open bar, sunset magic, and beautiful chaos.",Party,Curious Creatures,,,Curious Creatures Towers,2026-07-10,21:15,345,No,1,Approved,2026-06-08 23:09:03,Curious Creatures
78fb0184-ef0d-42ea-9b0a-b6c76915fb34,School Disco Time Machine,"Are you finding Friday night a bit intense? Come hop aboard our time machine and journey to a dancefloor filled with nostalgia and good times. Oh did I mention the time machine is also a School? Well it is and all the wacky kids will be there! You might have to avoid a teacher or two but don't worry, theres plenty of hidden corners to be naughty at this School Disco Time Machine!",Party,Barrio del Sol,,,,2026-07-10,22:00,360,No,1,Approved,2026-06-06 20:46:31,
92b1cc61-7063-40c5-8b88-5f46f64b6eb8,Sexy tooth brushing,"Let's turn oral hygiene into foreplay. Everyone gets 2 minutes to perfom their best (foamy) moves and make the audience crave for more. Tooth paste and brushes provided if needed. Open to singles, couples and moresomes. (Adult only)",Workshop,Mercurial Retrogrades,,,Mercurial Retrogrades,2026-07-10,22:00,60,No,1,Approved,2026-06-08 09:29:02,Schneider
91ac0d07-bedd-47de-b17a-c1137f59f7e2,OrGay: Opt Out,"The OrGAY is back! This is a trans-inclusive event for men, non-binary folks and trans people who are looking to dive into a no-holds-barred hot pile of men*. In keeping with the tradition of gay spaces, this is an opt-out consent space. We will start with a few quick connection games for inspiration but we promise not to hold you back for long so you can go wild! A consent angel will be on duty and late arrivals welcome while there is room",Adults,Peach Please,,,Dome,2026-07-10,22:00,180,No,1,Approved,2026-06-08 11:42:32,Cupcake
98ba32a7-e47e-49c2-bee7-afb7dc7688c4,Non-Birthday Party,Come to blow candles and celebrate your non birthday! What happened in the piñata won't stay in the piñata. Hit it up!,Party,Desert Dessert,,,"Biology Teacher, Kevinou, Mr. K.O.",2026-07-10,22:30,30,No,1,Approved,2026-06-07 00:04:56,
e406374a-2867-461c-8844-28f9a9a0b4ee,Moonlight Butoh Performance,"Beneath the magnetic moon, a dream-figure emerges between myth, softness, and transformation. Through slow Butoh movement, ritual gestures, and shifting feminine forms, the body becomes creature, prayer, and spell — a luminous descent into mystery, softness, and shimmering omen.",Other,,MoE - Middle of Elsewhere,Ania,,2026-07-10,22:30,30,No,0,Approved,2026-06-08 15:09:59,Orchid/Ying
ac2324d8-5e71-431f-994a-59097cfba920,chess party under the stars,A friendly chess tournament or helping newcomers learn the fundamentals of chess.,Workshop,sssh!,,,outside the sssh! dome,2026-07-10,23:00,90,No,1,Approved,2026-06-04 14:16:05,Mounir
4a3bf18b-ba3e-49f0-b41c-cb7b6374f910,Asset Management,"Finest DJing, spooling trancy and trippy tunes, helping you with your asset management. The bar may drop some cava drops.",Party,Desert Dessert,,,,2026-07-10,23:00,480,No,1,Approved,2026-06-07 00:52:17,Asset Management
7a957db1-1a7f-4c6a-bb25-f1ab50d5eb06,Tea Ceremony ,"In between heat, bodies, music, and rest, we gather around tea.
A relaxed tea ceremony will be held inside the chill space* - a moment to slow down and connect after sweat, touch, or dance.

Chinese tea, herbal and medicinal blends, served in an open, sensual, grounded atmosphere.

You’re welcome to be naked, wrapped, quiet, chatty — just present.
Come for one cup, stay as long as the tea keeps calling.
",Chillout,Garden of Joy,,,Garden of Joy (the Cozy Room),2026-07-10,23:00,120,No,1,Approved,2026-06-08 23:42:38,Jing
3f07d57c-a58b-461d-8c76-9951ca49d538,The Great Hawaiian Chill,"Tired of all the boom boom and ready to just chill? Come sip some herbal tea, share a meaningful conversation or a silly one, and drift away to the sound of  **bold**vintage Hawaiian music**bold**. Follow the glow of our pink neon heart and make yourself at home in this little magic moment.",Chillout,,Somewhere on the Playa,Jamba,Usually Near Consent Box,2026-07-11,03:00,90,No,0,Approved,2026-06-07 10:05:06,Jamba
c8ff4e25-535e-4fcf-a549-db7feccd087a,The Whipped Cloud Communion: The whipped cream was a lie!,"Sit down, breathe, and enter the Whipped Cloud Communion: a seated dessert ritual of sacred clouds, slow music and sweet revelation, guided by the Desert Dessert Safety Department. For those ready to meet the gods of sugar, air and dust.",Spiritual / Healing,Desert Dessert,,,,2026-07-11,06:00,90,No,1,Approved,2026-06-07 18:10:27,P.
d783c104-2238-4e53-b1de-a4cac898a36c,Introduction to Butoh Dance,"Come dance and reflect on your time at Elsewhere with a series of butoh-inspired guided improvs and metaphorical transformations exploring themes of communion and rebirth. This workshop is designed as an introduction to butoh improvisation combining solo, duo and group work. A briefing on touch, consent and safeguarding is planned as part of the session.
",Workshop,EYAO,,,Eat Your Art Out,2026-07-11,10:00,90,No,1,Approved,2026-06-06 23:43:25,Haris
4528471c-b52f-4c7a-9a1e-024dd90ad20d,Radiohead Appreciation hour and a half,Integration: Let's grow wings together and immerse ourselves in Love.,Chillout,,MoE - Middle of Elsewhere,Ania,,2026-07-11,10:00,90,No,0,Approved,2026-06-15 19:38:52,Jamba
d5028844-165f-4478-bcd7-89e454ae4c58,Passionate Inquiry,"Being paired with a partner, one person speaks their direct truth/experience in response to a specific question, while the other actively listens without judgment or interruption. Then, the roles switch. A deep dive embodied inquiry into yourself. ",Workshop,Here & Meow,,,Dome,2026-07-11,11:00,90,No,1,Approved,2026-06-04 19:33:55,Lisa
ef585bbd-42ab-4293-ac47-5cc373f72ad2,Hot massages ,"Massages of the genital areas can be either deeply relaxing and well-being related, or more sexy. Or both! 
Come with massage oil, find a partner with the same intentions, be creative in your exploration! Try stuff, see the reactions, have fun, share tips with the others in the workshop.
This will not be a teacher/student workshop, rather a congregation of like-minded people who want to explore this activity and share tips and fun. ",Adults,Le Gratin,,,Playroom,2026-07-11,11:00,90,No,1,Approved,2026-06-07 13:25:44,Cyril
b447b667-997a-482b-bbd5-379f975219fd,Paper hair Salon,"Become the hairdresser you’d never have dared to be! Here, we cut without hesitation, curl without thinking, and color with total confidence. Mistake? Never. Boldness? Always.

Behind the chair, the challenge is a perfect blowout while nodding at clients’ endless stories: divorces, promotions, weird neighbours.. you’ll hear it all, often without even asking.
Clients: your paper hair is treated with care.",Workshop,Hyperflow,,,Dome,2026-07-11,11:00,90,No,1,Approved,2026-06-08 16:20:20,Emma
dbcce244-8988-4fd4-baa3-ca2e8ef0ca8a,Hot Takes,Ever had a revolutionary thought about your sex life or sex in general? Do you want to address an inequality or just rant about how people don't touch your taint enough? We're here for you. We hear you. And we love to hear your most unhinged takes.,Other,Peach Please,,,Dome,2026-07-11,11:00,90,No,1,Approved,2026-06-12 09:49:36,Bo
fd389ec2-d226-4c21-a638-f955ce8b8a2a,Hola lotta fun,"Not your grandma’s cornhole. Each toss gets hotter, each miss gets… barer. A tournament of skill & thrill. Who’ll strip their way to victory?",Adults,Yes!,,,Mr Stretchy,2026-07-11,11:30,120,No,1,Approved,2026-06-08 11:35:53,Dirty Dancer
b7e3430b-496a-44dc-b181-302b12cf101e,How To Take Male Nudes,"We’ve all been there. The conversation is getting hotter, consent has been clearly given, but no matter how hard you try, your dick just doesn’t look good on camera. A playful, practical workshop on taking better male nudes: we’ll talk about consent, comfort, poses, and ideas that help different bodies look good on camera.  Unsolicited dick pics are not expected.",Adults,Curious Creatures,,,Curious Creatures - Dome,2026-07-11,11:30,60,No,1,Approved,2026-06-08 18:07:23,Pasha
38b75660-3486-43c0-8534-4849dc0ca51c,Tránsito ,"Tránsito is a live music and spoken word performance about gender fluidity and transition.
",Other,,MoE - Middle of Elsewhere,Ania,,2026-07-11,11:30,75,No,0,Approved,2026-06-15 19:03:56,Camino and Dani
ba915593-574e-4e6c-8982-e520a823cef0,Circling,"Come be in the circling field. A space of relating where we remain present with our own experience whilst being in connection with others. It can be anything from deep to silly, whatever arises as we tune into our ever-changing selves in the presence of others. There will be small group exercises and a free flow of the practice. No experience necessary.",Workshop,Yes!,,,Dome,2026-07-11,12:00,90,No,1,Approved,2026-06-05 18:08:21,Anna & Daniel
0be8003e-8a27-4a8b-a9b0-bd48bc7ea3e1,Creative Play Massage,"Find new creative ways to massage your friends! Come try out the Touch Cards.
[Note: this is a non-sexual workshop!]
",Workshop,EYAO,,,Eat Your Art Out,2026-07-11,13:00,90,No,1,Approved,2026-06-06 23:47:54,Jacob
867029df-bac0-437f-ad85-8fdd20011d90,Relaxed Hugs!,"Gentle, non-sexual workshop for practicing consent, clear communication, and empowered choice through safe, intentional hugging. We’ll explore how to ask for what feels good, adjust when something doesn’t, and connect with respect and sovereignty.",Spiritual / Healing,sssh!,,,sssh! dom,2026-07-11,13:00,60,No,1,Approved,2026-06-04 14:17:44,Kai Rostcheck
c06d2021-797e-41a5-a878-f03cb68e7614,The Rising Tone Meditation,"Come with us on a journey from 20Hz to 20KHz, the limit of the human hearing. We'll meditate to a single tone that rises into perceived infinity over the space of 1 hour.  We'll also find out the range our sound system can even reproduce in this low effort but high impact exercise. ",Spiritual / Healing,Barrio del Sol,,,,2026-07-11,13:00,60,No,1,Approved,2026-06-06 21:04:56,Lucas
e33e9e41-44b3-4bc2-8b18-9388f3b15f64,Shitty Shisha,"Shisha? At Elsewhere? Don't tell the fire leads! Come to chill out and enjoy that nicotine hit in the shade. I only have one apparatus, so capacity is naturally limited (but chill vibes know no limit). Smoke is guaranteed, unburnt tobacco less so; no refunds!",Chillout,Herding Cats,,,Herding Cats Camp,2026-07-11,13:30,90,No,1,Approved,2026-06-01 15:13:33,Arthur
8d78eb8f-f95c-4be8-a1f4-e8a14cabf569,Breath taking,"If Friday left your mind doing things your body didn't sign off on, Breath Taking is for you. Come and spend 40 minutes doing something your nervous system will actually thank you for by doing some mindful breathing",Spiritual / Healing,sssh!,,,sssh! dome,2026-07-11,14:00,60,No,1,Approved,2026-06-07 21:36:55,Zak
db2ba2ad-a6b5-4bc4-bd3f-9e86ebebe902,Rope Dance with Elena Judith,"Shibari meets contact dance. Sensuality meets creativity. 
In this captivating dance style, two or more individuals share a rope as they engage in a synchronized dance. The possibilities are endless.
While rope dance has the potential to exude elements of allure, intimacy and kink, it is not limited to such. It also embodies playfulness, enjoyment, and serves as a highly effective form of physical exercise.
",Workshop,Jugaton,,,Jugaton Salon,2026-07-11,14:00,60,No,1,Approved,2026-06-06 09:35:24,Elena Judith 
bca942ec-b2cb-4eac-bc03-c22a40b1bca9,FOMO Nap,Come for the Rising Tone Meditation and stay for a snooze in the shade. We welcome those who are exhausted by this point in the week to join us on the floor for a collective nap. We provide the whale music and you can sleep while telling your friends you've been to a workshop.,Chillout,Barrio del Sol,,,,2026-07-11,14:00,60,No,1,Approved,2026-06-06 21:05:52,Lucas
b527b027-aae7-409f-8cb4-2471fab0e57a,Dessert Roulette: Tiny Artsy Chill Moments,"Too hot? Too lazy? Grab an iced coffee, a cookie, and a couch. Let the roulette decide your creative destiny. Become a canvas in a body painting session? Add a line to a delightfully absurd story with only little hearts? Create a surreal Cadavreski masterpiece? Design your own Dessert Tarot? Or paint with desert pigments brewed from coffee, cocoa, spices and a touch of kitchen alchemy?",Workshop,Desert Dessert,,,,2026-07-11,14:00,120,No,1,Approved,2026-06-07 18:16:36,"Koalamir, Fluff, Parcelo, Luussÿ"
a74f6f6f-8bc4-478e-b7ce-e4567db4a11a,Sobrie-tea Party,"The Sobrie-tea Party is the quiet cousin of our Wonderland escapades: the music is jazzy, we share good chats, and a nice cup of tea of your choice.  After what might have been a crazy Friday, let's have share a cuppa as a way to slow down, reconnect, and meet some new and old Nobodies",Chillout,Camp Cambio,,,,2026-07-11,14:00,60,No,1,Approved,2026-06-07 23:36:44,Fabien
81c315b2-8639-45ef-ba07-b60983002d21,Queerki Life Drawing,"Horny for art? Us too. Draw couples, throuples, bodies in pleasure, in power, in play — real desire, real mess, a celebration of queer intimacy. Come make something filthy and beautiful. Want to model? Reach out to Eli beforehand. Art supplies provided.",Adults,Peach Please,,,Dome,2026-07-11,14:00,120,No,1,Approved,2026-06-08 11:42:32,Eli
0adbae87-51dc-421c-a664-90fe9a233498,Temple of Qu'intimacy : nurturing Queer connection with ourself and others,"A temple evening exploring the art of connection, embodied presence, and sacred sensuality, a journey into expanded awareness — where ritual meets play. Designed as a landscape of queer exploration, this evening invites you to soften at the edge, and enter a field of listening, creative expression, reverent pleasure. This is not a party. It is not a performance. It is a co-created temple.",Spiritual / Healing,Glowy Owl,,,,2026-07-11,14:00,120,No,1,Approved,2026-06-08 21:07:53,Monica & Emily
b2cab387-fa5a-4701-923f-127990912bed,Partner Fusion Flow,"The best moment of your day, your body will thank you – Experience the ultimate blend of yoga and Thai massage in our transformative partner workshop. Join us in a serene space as we guide you through synchronised breath, gentle stretches, and the art of assisted asanas. No experience needed! And no partner is needed. Adults only, non-sexual",Workshop,,MoE - Middle of Elsewhere,Ania,,2026-07-11,14:00,60,No,0,Approved,2026-06-08 14:48:22,Didi
06cb5e0a-6a97-4aa7-ac59-0e799cc3a74a,Punitive Interrogation,"An immersive CNC space featuring a high-pressure interrogation, where participants can be either the interrogated or the interrogator, with kinky/sexual punishments",Adults,Come & Play,,,Thunderdome,2026-07-11,14:30,90,No,1,Approved,2026-06-13 12:56:10,phaune
442b95da-bc8e-47e4-8fe7-6c7e3b470b38,Hysterical reading,"Can you read while being sensually distracted, teased, or playfully tortured? Bring your favorite and wildest books (erotic, cooking recipes, the bible, your own poetry…) and your favorite pleasure or torture toys. Read aloud, clothed above, naked below the table, while others hidden beneath try to break your focus. Sensuality, digital and oral sex allowed below the table.",Adults,Curious Creatures,,,Curious Creatures - Mansion,2026-07-11,14:30,60,No,1,Approved,2026-06-08 18:02:05,Lilou
c70f0f55-7e2d-4ac9-80d5-7acd6b32c121,Sound Healing Experiences,"A 90-min workshop blending creativity and deep relaxation. Explore sound healing instruments, play together as a group, then lie back and drift into a live sound journey of soothing music and vibrations. No experience needed. Just bring a mat, wear comfortable clothes, and let sound do the rest.",Spiritual / Healing,Garden of Joy,,,Garden of Joy,2026-07-11,14:30,90,No,1,Approved,2026-06-08 22:21:35,Olga
11711f91-9710-4e88-af99-b5fb093c8d78,"Table Tennis ""round the table"" party game!","Yes, it’s what you think: we’re actually playing ping pong. We have an improvised table, a net and a couple of shitty rackets that will get the job done. Dropping in and out possible at all times.",Workshop,sssh!,,,sssh! dome,2026-07-11,15:00,60,No,1,Approved,2026-06-04 14:18:40,Magic Hands
bfc2b681-b435-4f70-ab48-a8b118734125,Non-Monogamy Sharing Circle,"""Polyamorous? Poly-curious? Exploring open relationships or some other flavour of non-monogamy? Come hang out for an honest, relaxed conversation about the joys, drama, awkward moments, and unexpected wisdom that can come with relating outside the traditional box. ",Workshop,Here & Meow,,,Beduina,2026-07-11,15:00,120,No,1,Approved,2026-06-04 19:18:56,Ingrid
5df5adb6-e02d-46bb-a677-252043f74290,Talk’n lick,"Whether it’s a threesome, a foursome, or even more, this workshop is all about being touched or touching while telling or having kinky stories whispered in your ear.",Adults,Le Gratin,,,Playroom,2026-07-11,15:00,90,No,1,Approved,2026-06-06 02:05:17,Robby and Poppy
42436c62-953e-43a6-9e7d-634d5708bc8b,Inspector Splorsh,What happens when you combine these two fundamental experiences? Can we reach a higher height or will we simply drown in the madness?! Anything is possible but insanity is guaranteed. ,Party,Barrio del Sol,,,,2026-07-11,15:00,120,No,1,Approved,2026-06-06 21:09:34,Lucas
469c033f-b20b-48a9-a38c-f3d318b8d05b,Saturday human car wash party,"To end the week, we do a third and last washing & scrubbing session at our human car wash out front, going on until the sun starts to set! Indulge in fine tunes and get refreshed for a last blast on the playa!",Party,Camp Cambio,,,,2026-07-11,15:00,240,No,1,Approved,2026-06-07 23:37:40,Julian
ccf0a7b2-da81-44b0-b136-2b74038f9c88,Human Car Wash,"Camp Cambio returns to the playa with yet another aquatic trick up its sleeve. After the juicy rave wave of last year, this year you can indulge in our human car wash. Come with a dirty mindset and dance on Nowhere's first beats whilst getting clean at the same time. No worries about working up a sweat!",Party,Camp Cambio,,,,2026-07-11,15:00,180,No,1,Approved,2026-06-08 00:00:08,Julian
42747192-65a2-4259-b74d-75c3d8f93ad1,Almost: Orgasm Control and Power Dynamics,"Curious about Orgasm control & power dynamics? How to elevate pleasure? By letting go of control over your most intimate & blissful states. You may be allowed to reach it or not. If you do, get ready to experience something you may have never felt before. This is a sex+ experience. Ideally, you come paired up with someone you are comfortable with. You can come on your own with the openness to match. There is something for everyone, even when solo",Adults,Yes!,,,Dome,2026-07-11,15:00,90,No,1,Approved,2026-06-08 11:32:47,Basem
4af321e7-7f72-48ed-b388-83537ea94c22,raumschiff insich - Bewusstseinserheiternde Verwunderungsexpedition,"German poetry taking the „spaceship inside“, travelling into the (r)evolutionary core of love and dancing with the polarities of life. 
Sacred Foolish poetry in concert. Enter the raumschiff insich - you might meet yourself even if you just know Prost & Jawohl. ",Chillout,,MoE - Middle of Elsewhere,Ania,,2026-07-11,15:00,60,No,0,Approved,2026-06-08 14:51:26,Sacred FooL 
15f04a5f-46c8-4255-b059-77bd8211c5c0,Recipes from the dust,"'	Join us for an intimate session where we share our tastiest secrets. Whether yours is sweet, spicy or requires a lot of vigorous stirring, we want you to spread it around. Come share with us your most secret food recipes. Is there anything more intimate than that? ",Workshop,Barrio Espace,,,,2026-07-11,15:00,60,No,1,Approved,2026-06-08 23:41:55,Beni
de1c4d2b-a916-4764-85e0-0c8546786622,Peak performance,"Step up, sit down and try to keep it together! Join us for a hilariously unhinged ride as brave souls perform songs, poems or dramatic readings while vibrating on a Sybian. Come to watch, perform or both. All genders welcome - but let's just say the experience hits harder for some. Bring your own piece or pick from our stash. Moans, music and mayhem await!",Adults,Yes!,,,Mr Stretchy,2026-07-11,15:30,120,No,1,Approved,2026-06-08 11:33:03,Hannah & Judge
07dbbd2b-e6ee-4a01-ac2d-19323d7c52d9,Every Breath You Take,Still not hot enough? Heat up your inner spirit with spicy yoga breathing techniques. Enjoy your body and mind on peak focus.,Workshop,Oasis Playground,,,Chill Area,2026-07-11,16:00,60,No,1,Approved,2026-06-02 15:02:36,Levente
c072a16d-2270-47a1-b6a7-5db79551d237,Nowhere Summer Xmas Party 🎄 ,"Jingle jingle, does it tingle? Come and make it jiggle with remastered, cheeky Christmas tunes! 
Bring your Santa hats, or something red, come have a glass of sangria* and make the playa move to the rhythm of the bells!  
Primarily UK Christmas inspired but we'll take requests for Christmas songs from around the world!
*non alcoholic version available for children & non drinkers ",Party,Glitch,,,On the dancefloor,2026-07-11,16:00,120,No,1,Approved,2026-06-02 23:28:09,Glitch
b0762e6f-ce44-45d7-ae62-5951a5304391,Butt drumming,"Dive into a playful flow of rhythms by drumming on the most satisfying instrument of all: the butt - or offer yours to be part of the beat. Bring a partner or find one there, and together we’ll create a bombastic big butt band. let’s make a big butt band!",Adults,sssh!,,,sssh! dome,2026-07-11,16:00,60,No,1,Approved,2026-06-04 14:19:20,Susie
a2c758f4-c598-4f11-b28d-dfbbddb811ba,Pinky out tea O'clock,"""When in doubt, pinky out""
Let's have a chill moment together with a cup of tea (pinky out) or wathever you want to drink and share.",Food and drink,Pink Poney Paradise,,,Pinky Poney Paradise,2026-07-11,16:00,60,No,1,Approved,2026-06-04 21:05:51,Datura & Obsidien 
f80ee961-fa75-4c86-84a5-b1c8cbd59b34,Chilled come down Jam,"A little of acousitic, light touches of sound. LetÂ´s take it easy breeze on the weekend that never seems to end.",Chillout,JamHouse,,,,2026-07-11,16:00,240,No,1,Approved,2026-06-08 07:40:24,
24767ff5-854f-4e7a-bd12-fe5147ecf710,Exist-Dance,"When we allow our bodies to move as they wish, they can heal. We can dance our stories and move through emotions that maybe we couldn’t reach with words or choreographed movement. Join me for a lightly guided 60 minute conscious dance session in the beauty of the Garden of Joy ",Spiritual / Healing,Garden of Joy,,,Garden of Joy,2026-07-11,16:00,75,No,1,Approved,2026-06-07 22:36:35,Pepper
4e77c547-3f59-4d85-8113-f3123fbc32bc,Slutty storytelling. No ROMO edition,"What a great week we had. And of course you missed out on that sexy workshop, because you had that amazing orgy. Or the other way around. Listen to goofy, funny, silly, slutty experiences of others or tell your own. We'll continue untill all the ROMO (Regret of missing out) is gone and all the stories are told.",Adults,Curious Creatures,,,Curious Creatures - Dome,2026-07-11,16:00,90,No,1,Approved,2026-06-08 18:08:23,Space Cowboy
6eb7f3d3-9072-40bf-b1c7-030dc9726127,Burning Bridges,"Did a hippy do laundry in your kitchen? Was your favourite workshop cancelled? Come and bitch about it through a megaphone, and get applauded for it.",Other,Ran'Dome®,,,Big Dôme,2026-07-11,16:15,120,No,1,Approved,2026-06-07 21:09:39,Bo
9faf8b26-c6b8-4a82-b826-e7f989cf934a,Very lively life drawing,"Life drawing is not easy, but what if the models are actively living an orgy ? What will you be able to catch with your pencil ? Come to draw, or to participate in the orgy and be drawed. The intention is slowness and conscious interactions. We will make an exhibit of the drawings afterwards. Bring your own material, we will provide basic one.",Adults,Curious Creatures,,,Curious Creatures - Mansion,2026-07-11,16:30,90,No,1,Approved,2026-06-08 17:50:02,Albi
50f1ee00-2914-4e35-9401-5c74a0265d45,Object Sound Impression Contest,"Contestants will compete for the prestigious Elsewhere Award for Best Sound Imitation! Can you imitate the sound of a beer can opening? Is your mouth a perfect simulator of an electric toothbrush? Can you make a “zzzip” sound so realistic people actually turn around thinking someone just closed a zipper? Then this contest is for you!! Come join us, bring your friends and objects to imitate. We'll bring our own, but we are open to suggestions.",Other,,MoE - Middle of Elsewhere,Ania,,2026-07-11,16:30,60,No,0,Approved,2026-06-08 14:54:35,Martian
15efe9d7-1361-4da2-893b-5021ac47cd82,Playfight!,"Let go of your inner child and come ""fight"" in a fun way! You can come with or without partners.
",Workshop,EYAO,,,Eat Your Art Out,2026-07-11,17:00,90,No,1,Approved,2026-06-06 23:48:51,Lo
f6a018b1-66b8-442f-a012-fe6344169c0a,Abdominal Massage,"The belly, or abdomen, is one of the most neglected parts of our bodies in massage. But it's hugely important to digestion and breathing. So let's explore this sensitive and rich area together!",Workshop,sssh!,,,sssh! dome,2026-07-11,17:00,90,No,1,Approved,2026-06-04 14:19:59,David
39140911-72d8-4cc1-8151-3058c9972b83,Naughty Tomato Punishment,"We know you've been doing bad things these days...Liberate yourself, confess your sins, and be prepared to received your nasty punishment and be forgiven.",Workshop,Bread & Tomato,,,,2026-07-11,17:00,60,No,1,Approved,2026-06-05 16:59:00,Kukurruku & Clio
5e7afd2a-9c63-402b-bc87-b3e9765eaa38,POLE-AROID,Strike a pose and we capture the moment with instant Polaroid magic! Everyone’s welcome to try fun and easy pole dance moves—and leave with a unique photo to keep forever.,Workshop,Barrio del Sol,,,,2026-07-11,17:00,60,No,1,Approved,2026-06-06 21:10:29,Loy
e4100b02-f565-4646-ba8e-c3d3650ab4e7,Overstimulation play,"Overstimulation can walk a fine line between pleasure and torture, or just forget the line and dance chaotically over both. Come explore intentional overstimulation play, which can include edging, forced orgasms, D/s, CNC, and much more. Come with a partner(s) willing to explore with you these areas of sexuality and domination.",Adults,Come & Play,,,Thunderdome,2026-07-11,17:00,90,No,1,Approved,2026-06-05 21:26:52,Tomer
af2e1087-3e02-46de-9ec9-d9523e6c5203,JamPizza Jam!,We serve pizza's straight outta the pizza oven while we run an awesome Jam. You can get savory and sweet pizzas alike (pizzas with jam),Food and drink,JamHouse,,,,2026-07-11,17:00,180,No,1,Approved,2026-06-08 07:40:24,
e90983a9-7e78-452d-a423-07942005edf2,The mysterious world of ratchet straps,"Tired of forgetting how to use ratchet straps? Here's a short theoretical and practical tutorial to help you understand how they work, along with some storage tips.",Workshop,Glowy Owl,,,,2026-07-11,17:00,60,No,1,Approved,2026-06-08 21:11:54,Basil
c838cb67-cc87-40f6-8319-613ace018d9d,Blind Blowjobs,"Do you enjoy getting sucked and/or licked anonymously or in public? Do you like to suck cocks and/or vulvas of all types and sizes? Do you want to improve your fellatio/cunnilingus skills?
Come join us for a sucking techniques workshop and a fun game where you try to guess who took care of you.All genders and orientations welcome.",Adults,Peach Please,,,Dome,2026-07-11,17:30,60,No,1,Approved,2026-06-08 17:24:19,David and Danny Erector (Hyperflow)
4a871a0b-8109-424d-91af-9471ff2d2065,Irish Apéro,"Come and release your inner Leprechaun ! Join us for baby Guinness, good tunes and a great craíc ! ",Party,Ran'Dome®,,,Saloon,2026-07-11,17:30,90,No,1,Approved,2026-06-07 21:06:11,Anne
393db9d3-deb2-43f4-a1a5-58cc1ee88bb2,L'assault de lasso,"Dans une ambiance western, venez vous amuser à faire des noeuds coulants et tester vos compétences de cowboy/girl en lasso !

In this wild desert, learn how to knot ropes lasso-style and test your abilities !",Workshop,Ran'Dome®,,,Playa in front of Ran'Dôme,2026-07-11,18:00,120,No,1,Approved,2026-06-07 20:56:34,Bertie
12d93846-829a-4949-8b7b-b13a21afb935,La Ternura,"A space to slow down, meet eyes, and explore the power of building from love. Through dance and play, we dive into radical connection. We will practice the art of the embrace—from standard hugs to the joyful absurdity of unexpected touch—always rooted in full consent. Come with a total willingness to be changed by the other. Come play, connect, and let yourself be moved by the sheer strength of tenderness. Dare to be moved.",Workshop,Bread & Tomato,,,,2026-07-11,18:00,60,No,1,Approved,2026-06-05 17:00:44,Santi & Irene
2c98b535-d75f-41ef-9f38-c81e39e94d76,Around The Pool / Deftones Appreciation Society ,"The loudest pool party you'll never see in a desert. Be a Passenger of our White Pony, put Mascara on your Diamond Eyes, have a Digital Bath during this Knife Party! A Deftones pool party / listening session / album cover imitation contest (Polaroid style). ",Party,Barrio del Sol,,,,2026-07-11,18:00,120,No,1,Approved,2026-06-06 21:11:40,Duckman
7b65454d-0938-4dc4-9964-5fd247c91209,Masayoshi Takanaka Appreciation Hour & Cocktails,"""Come enjoy a refreshing drink and settle in for an hour with Masayoshi Takanaka! The legendary Japanese jazz fusion guitarist whose sound blends city pop, Latin rhythms, Caribbean grooves and pure virtuosic guitar magic.
Think sunset vibes, effortless cool, and that particular feeling of a perfect moment not needing to go anywhere.""",Chillout,Werkhaüs,,,,2026-07-11,18:00,60,No,2,Approved,2026-06-08 23:00:12,Diego
3d84ece2-21f4-4d50-8dba-f4a78e4207f3,Spanish Grandma Workshop,"Channel your judgmental older Spanish lady and come out to the plaza to enjoy the cool evening breeze and gossip about everything and everyone. Snarky comments about the wild hippies passing by are highly encouraged. Las señoras del barrio will bring out some fine jamón and cava to make this delightful event even better. No chairs are needed, as we have plenty of space on our lovely benches. Bonus points for matching outfits. Abuelas en la puerta",Food and drink,Glitch,,,At the benches between Glitch and EYAO,2026-07-11,18:00,60,No,1,Approved,2026-06-09 17:02:25,Chita la Abuelita 
e68a1f18-a080-4b8f-a84d-028f2274c2d0,IMPULSO - Breathwork,"Impulso is a somatic practice that uses rhythmic jumping as a gateway, dropping the body and mind below the threshold of thought and into pure presence. From that state, conscious connected breathing flows without effort, guiding participants into deeper altered states of awareness and emotional release. A practice of letting go: no analysis, no performance, just the body, the breath, and what opens when we stop holding on.",Adults,sssh!,,,sssh! dome,2026-07-11,18:30,90,Yes,1,Approved,2026-06-04 14:23:51,Luz
e68a1f18-a080-4b8f-a84d-028f2274c2d0,IMPULSO - Breathwork,"Impulso is a somatic practice that uses rhythmic jumping as a gateway, dropping the body and mind below the threshold of thought and into pure presence. From that state, conscious connected breathing flows without effort, guiding participants into deeper altered states of awareness and emotional release. A practice of letting go: no analysis, no performance, just the body, the breath, and what opens when we stop holding on.",Adults,sssh!,,,sssh! dome,2026-07-12,18:30,90,Yes,1,Approved,2026-06-04 14:23:51,Luz
7021fc7a-7206-4d98-945d-c3d9940e5b79,Live Porn Theater,"The Live Porn theater: Watch and masturbate to some beautiful live porn, or grab your chance and take a turn on the stage yourself! Voyeurs and exhibitionists of Elsewhere, unite!......",Adults,Come & Play,,,Open Space,2026-07-11,18:30,90,No,1,Approved,2026-06-05 21:26:52,Ela
3cd93797-fccf-4c54-bbee-3b2f65dc2169,Apérocalypso,"We want to start the last evening together with you with a proper apéro. And because it is a nice word play, we will play some proper Calypso tunes. Apérocalypso. Dress Code: Worn down classyness (come as you are)",Food and drink,Desert Dessert,,,,2026-07-11,18:30,90,No,1,Approved,2026-06-07 14:07:58,HR
2bbe2e78-9737-48a3-82d0-9e2b1e9cae8c,Live Homage to Heated Rivalry,"Bring your ice hockey gear, banter, and best acting skills to reenact the hottest scenes of Heated Rivalry. Come to our guided sexy improv on the most epic show of 2026 !",Adults,Peach Please,,,Dome,2026-07-11,19:00,90,No,1,Approved,2026-06-08 14:21:51,Maria (EYAO)
e3787f1e-8c5a-4789-ba9c-81404d7b7b17,sunset groovy mix,A music journey from the African bush to the the Amazon rainforest into a hypnotic deeper view into your soul… discover a new version of yourself through dancing and music ,Party,Here & Meow,,,Beduina,2026-07-11,19:00,180,No,1,Approved,2026-06-04 19:30:37,Milan beanz 
b89795f7-687a-47ee-9c47-7712a822ca05,Pole for two,"Trying out some easy doubles pole tricks to create beautiful shapes.
Suitable for beginners. Come sober to avoid injuries, wear few clothes.",Workshop,Herding Cats,,,Barrio Espace VIP,2026-07-11,19:00,60,No,1,Approved,2026-06-05 14:45:05,Mariana
55debd2c-7421-4d85-8e29-e0caa36aecd2,liquid love,"What happens when you dissolve the boundaries of self?
Strip away the visuals and pre-conceptions of others..
Liquid Love is a guided sensory experience — blindfolded, oiled, and immersed in a slow-moving sea of human bodies. No agenda. No performance. Just sensory presence.
When you cannot see, the body stops and starts listening.
Clothes free, consensual, non-sexual  ",Adults,Hyperflow,,,Dome,2026-07-11,19:00,150,No,1,Approved,2026-06-08 01:01:19,Noah
a08d8bf7-8e8e-4d52-a919-9c61e36e31fb,Sex Poetry - a workshop on how to turn people on! ,Learn how to use your voice and creativity to send people into ecstasy. Find out what turns people on and off. Explore your inner desires and play. Who knew the tongue could be so fun! The spoken word has never been so hot.,Adults,,MoE - Middle of Elsewhere,Ania,,2026-07-11,19:00,60,No,0,Approved,2026-06-08 21:53:50,Wave
84bc036e-0099-4a22-aba1-b1640834d40c,Sensorial/sensual blindfolded dance ,"A container to dance and move in connection with other bodies without seeing. We'll start with some exercices inspired from contact improvisation to give tools and create trust in the group. Then we'll move to the jam, with music on, divided in two parts : without erotic intention (imagine a dancing cuddle puddle), then with erotic intention allowed (imagine a sort of dancing liquid love, with clothes on). There will be a break between part 1 and",Adults,Le Gratin,,,Playroom,2026-07-11,20:00,150,No,1,Approved,2026-06-06 01:53:31,Lili
bfd0d48a-b206-41af-9b13-3fe1a8115f5b,Hot Peach,"An edgy, non-platonic as fuck, sensual dance experience. Downtempo mood, rolling pulsing beats, slow burn smoky melodies, and more. Two activities to connect to your sensual being. First solo, then partnered. Participation optional.",Workshop,Barrio del Sol,,,,2026-07-11,20:00,90,No,1,Approved,2026-06-06 21:12:39,Miss Behave
e42aa04e-dda4-472f-8881-9f348248eb92,play fight,"Want to get the blood pumping and wrestle some sweaty people? Then this is YOUR place!
Gambling on fights is permitted and all bets will be displayed and if you want to bet with services and/or people, the playspace will be open for that too! ",Adults,Curious Creatures,,,Curious Creatures - Dome,2026-07-11,20:30,90,No,1,Approved,2026-06-08 18:05:08,matisse
af4dae8f-c319-48f9-92b1-42838c860217,Barrio Espace Birthday Party ,"For 10 years, barrio Espace has appeared in the dust, lived loudly, made questionable decisions, and vanished without a trace.
This Friday, we celebrate everything that somehow survived: the memories, the music, the chaos, the love, the outfits, the fake cake, Sam, and whatever version of ourselves made it through.
Come dressed as your most iconic Nowhere self.",Party,Barrio Espace,,,VIP,2026-07-11,21:00,120,No,1,Approved,2026-06-03 20:12:13,
9bb0938c-062a-4bad-ac4b-342aba546c77,Fashion Cowwalk,"Yes it is a fashion show, and yes everybody is a model! Dress up, dress down, be bold, be strange, be yourself, and feel the joy and exhileration as the herd cheers and claps at you! Whoop whoop!",Other,Mooncows,,,MoonCows Lounge - Dancefloor,2026-07-11,21:00,75,No,1,Approved,2026-06-07 22:27:58,Sagira & Luna
4237446a-daff-4668-bcaa-8af8db6f7f45,Tantric massage workshop,"A guided exploration of conscious tantric touch, presence, and embodied connection. 
This workshop offers a safe, respectful, and sex-positive space to deepen awareness, cultivate sensitivity, and develop communication and consent skills. 
Through practical exercises and partner work, on participants are invited to experience touch as a pathway to relaxation, self-discovery, intimacy, and authentic connection. ",Adults,Here & Meow,,,Tipi,2026-07-11,21:00,90,No,1,Approved,2026-06-08 21:18:42,Elise
8e17c00c-a3e8-48a0-9ba5-4bbbaa845bbc,Emotional Release & Nervous System Regulation,.,Spiritual / Healing,sssh!,,,sssh! Dome,2026-07-11,21:30,90,No,1,Approved,2026-06-04 14:20:37,Gregory
d562b871-0b96-43b7-b2fa-c3401ed20707,The C&P Big Orgy™,Roman? Ancient Greek? Futuristic? The only thing we know for sure is that Come & Play will have a big orgy saturday night. Come and play!,Adults,Come & Play,,,Open Space,2026-07-11,22:00,90,No,1,Approved,2026-06-05 21:26:52,Come & Play
1b8990e2-8f7f-4e85-ac74-9cc1b7a6c675,Big Queer Orgy,"As Elsewhere climaxes, so can you! Let's get sweaty and turned on together at our Big Queer Orgy. We start with a consent talk, followed by a connection game, then dive into an unforgettable night. Come explore sensuality and pleasure, and revel in the freedom to be yourself in the embrace of our community. For queer folx of all stripes.",Adults,Peach Please,,,Dome,2026-07-11,22:00,180,No,1,Approved,2026-06-08 11:42:32,Cupcake
5be28565-380d-461c-a80f-b7c5eea40260,The Last Supper,"This is our last night on the playa and while time is running out, it is the perfect time to get your last treasures out of your tent. Stop hiding  that one snack, drink, gift, outfit or whatever and bring it out to light. How about coming with the humans you had no time to catch up with this edition ? The last supper is about sharing , caring, dancing and playing together for the last chance to have the burn you deserve.",Party,Glitch,,,Glitch dance floor,2026-07-11,22:00,300,No,2,Approved,2026-06-08 23:22:02,
2235aeb6-a12b-4f30-b20c-b4d762ae8ac0,The Matriachal Orgy,"An orgy where women, and people subjected to sexism, decide everything.
Cis men, or people who want their masculine side to take part, follow orders (or say no).
Sexuality is allowed, but never mandatory.",Adults,Le Gratin,,,Playroom,2026-07-11,22:30,120,No,1,Approved,2026-06-07 16:48:20,Lisbeth
125cdc9f-cf67-4e55-95c5-75db22fc4023,Curious Closure Party,"One last Curious Creatures dancefloor to close our first Elsewhere. We know, it’s been A WEEK. Still, you got this. Let’s close the week together with an epic party!",Party,Curious Creatures,,,Curious Creatures - Dome,2026-07-11,22:30,180,No,1,Approved,2026-06-08 23:09:43,Curious Creatures
b8db98d8-1007-4caa-a2b4-0cec47b7395f,Japanese Free Bar,Do you want to experience a chill night after Friday? Come to the Japanese Free Bar. We'll treat you to some Japanese Plum Wine or two different Sake varieties while we play Japanese City Pop and Future Funk.,Food and drink,Planet Pulpo,,,,2026-07-11,23:00,180,No,1,Approved,2026-05-26 17:08:28,Frambu
3fa8110a-a906-4524-afc2-d7618ade5042,Stargazing,"Come and lay down under the dark sky, gazing into its depths and trying to spot constellations, stars and planets together. Bring your favorite space fact with you. Using the dome's cushions but outside.",Workshop,sssh!,,,outside the sssh! dome,2026-07-11,23:00,120,No,1,Approved,2026-06-04 14:22:44,Lery / Mounir
a84606de-975a-4b2e-81e7-f61b6bbfa878,Rave Bar,Bar is open for a cool talk and a meaningful drink. Djs play the serious club sound without the kitsch: Rave!,Party,Desert Dessert,,,,2026-07-11,23:00,480,No,1,Approved,2026-06-07 00:53:44,Untz Management
b89dbc0e-2eff-4735-a962-f6773699a872,Non violent communication,4-steps for clear empathic communication: Are we responsible of our emotions? How to express your emotions in a way to truly connect with others? What are needs and do we all have the same?,Workshop,sssh!,,,sssh! dome,2026-07-12,13:00,60,No,1,Approved,2026-06-04 14:24:33,Hanne
559b2826-8201-4e77-b00f-cbfec09e985f,Become a photographer and videographer,Come learn how to use a digital camera and understand the basics of photography and video. For beginners and more.,Workshop,sssh!,,,sssh! dome,2026-07-12,14:00,60,No,1,Approved,2026-06-04 14:25:05,Florient Pugnet
7a04b746-5920-46a4-8ec8-5317b9a8841d,Whipped cream - C&P Cantina takeover,Looking to volunteer for NCA but can‘t decide on a shift? How about Sunday! Come&Play sweetens the deal by taking over Cantina on Sunday evening. We will… feed you. You. will. eat. Don‘t miss out.,Adults,Come & Play,,,La Cantina,2026-07-12,14:30,480,No,1,Approved,2026-06-05 21:26:52,Julia
4a433761-dbc3-45a1-8036-f8a4e1b21bd5,Song and mantras circle,"Join us for a sacred songs and mantras circle, followed by an open jam session.
 Feel free to bring your instrument, your voice, and your energy.
 Let’s share music and good vibes together!",Spiritual / Healing,sssh!,,,sssh! dome,2026-07-12,15:00,60,No,1,Approved,2026-06-04 14:25:36,Claire Hoeltzel
cfd68baf-a64f-4681-8968-5a884c984a3b,Will it won't it lounge,Come and find out if anything happens. Maybe it's a party. maybe it's a lie down do nothing crowd. Can't promise anything. Caution: musical instruments might be involved,Chillout,JamHouse,,,,2026-07-12,16:00,240,No,1,Approved,2026-06-08 07:40:24,
f6348eaf-28e9-469e-9c1f-b0b7ba4b97bc,Burning Bridges,"Did a hippy do laundry in your kitchen? Was your favourite workshop cancelled? Come and bitch about it through a megaphone, and get applauded for it.",Spiritual / Healing,Barrio del Sol,,,,2026-07-12,16:30,60,No,1,Approved,2026-06-06 21:13:27,Lex
2340a3e2-5590-4d7d-b97e-f938cd440eee,Haunted & Live mini concert ,"Sultry dark pop, powerful vocals, and magnetic storytelling. Join Nadavya at the Fiasco headquarters on a journey through desire, longing, and transformation, weaving haunting powerful melodies with a stage presence that’s impossible to resist. Equal parts temptation and vulnerability, this is a show to lose yourself in.
Come curious. Leave captivated and slightly turned on.",Other,,Somewhere on the Playa,Nadavya,Camp fiascos livingroom ,2026-07-12,18:00,60,No,0,Approved,2026-06-15 22:45:28,Nadavya 
